weekday,day,group,id,y,D
1,1,1,5,0.028564,0
1,1,1,6,0.028564,0
1,1,1,10,0.039277,0
2,2,1,4,0.003572,0
2,2,1,6,0.094464,0
3,3,1,4,0.282616,0
3,3,1,5,0.130298,0
3,3,1,6,0.090133,0
3,3,1,7,0.151842,0
3,3,1,10,0.007178,0
4,4,1,4,0.304705,0
4,4,1,5,0.155937,0
4,4,1,6,0.072573,0
4,4,1,7,0.178744,0
4,4,1,10,0.012366,0
5,5,1,4,0.315033,0
5,5,1,5,0.15181,0
5,5,1,6,0.071104,0
5,5,1,7,0.049505,0
5,5,1,10,0.026543,0
5,5,1,11,0.146068,0
5,5,1,13,0.126189,0
1,8,1,1,0.19618,0
1,8,1,2,0.140765,0
1,8,1,3,0.157885,0
1,8,1,4,0.145821,0
1,8,1,5,0.054001,0
1,8,1,6,0.127789,0
1,8,1,7,0.084102,0
1,8,1,8,0.081912,0
1,8,1,10,0.01694,0
1,8,1,11,0.142072,0
1,8,1,12,0.141334,0
1,8,1,13,0.158966,0
2,9,1,1,0.30639,0
2,9,1,2,0.274123,0
2,9,1,3,0.260777,0
2,9,1,4,0.208463,0
2,9,1,7,0.100858,0
2,9,1,8,0.092537,0
2,9,1,11,0.166339,0
2,9,1,12,0.184692,0
2,9,1,13,0.230382,0
3,10,1,1,0.244111,0
3,10,1,2,0.14058,0
3,10,1,3,0.136715,0
3,10,1,4,0.204599,0
3,10,1,5,0.043751,0
3,10,1,6,0.078624,0
3,10,1,7,0.115127,0
3,10,1,8,0.105898,0
3,10,1,9,0.219852,0
3,10,1,10,0.005458,0
3,10,1,11,0.118089,0
3,10,1,12,0.190354,0
3,10,1,13,0.185971,0
4,11,1,1,0.235489,0
4,11,1,2,0.172878,0
4,11,1,3,0.185703,0
4,11,1,4,0.166791,0
4,11,1,5,0.09192,0
4,11,1,6,0.038889,0
4,11,1,7,0.100977,0
4,11,1,8,0.090855,0
4,11,1,10,0.008091,0
4,11,1,11,0.170455,0
4,11,1,12,0.104964,0
4,11,1,13,0.125142,0
5,12,1,1,0.238101,0
5,12,1,2,0.173882,0
5,12,1,3,0.164606,0
5,12,1,4,0.175529,0
5,12,1,5,0.097802,0
5,12,1,6,0.089077,0
5,12,1,7,0.253094,0
5,12,1,8,0.248459,0
5,12,1,10,0.00808,0
5,12,1,11,0.160068,0
5,12,1,12,0.103028,0
5,12,1,13,0.171673,0
1,15,1,1,0.174464,0
1,15,1,2,0.141382,0
1,15,1,3,0.144853,0
1,15,1,4,0.12727,0
1,15,1,5,0.115961,0
1,15,1,6,0.06487,0
1,15,1,7,0.087057,0
1,15,1,8,0.087312,0
1,15,1,10,0.026262,0
1,15,1,11,0.149486,0
1,15,1,12,0.077252,0
1,15,1,13,0.119193,0
2,16,1,1,0.214316,0
2,16,1,2,0.166413,0
2,16,1,3,0.171882,0
2,16,1,4,0.156697,0
2,16,1,5,0.102992,0
2,16,1,6,0.052584,0
2,16,1,7,0.085482,0
2,16,1,8,0.064712,0
2,16,1,10,0.020259,0
2,16,1,11,0.113479,0
2,16,1,12,0.149611,0
2,16,1,13,0.173719,0
3,17,1,1,0.213664,0
3,17,1,2,0.095265,0
3,17,1,3,0.112125,0
3,17,1,4,0.238249,0
3,17,1,5,0.046228,0
3,17,1,6,0.059467,0
3,17,1,7,0.146749,0
3,17,1,8,0.151175,0
3,17,1,10,0.014678,0
3,17,1,11,0.127282,0
3,17,1,12,0.094735,0
3,17,1,13,0.186956,0
4,18,1,1,0.20334,0
4,18,1,2,0.105384,0
4,18,1,3,0.105301,0
4,18,1,4,0.232955,0
4,18,1,5,0.059217,0
4,18,1,6,0.040106,0
4,18,1,7,0.105149,0
4,18,1,8,0.105955,0
4,18,1,10,0.013435,0
4,18,1,11,0.139208,0
4,18,1,12,0.129728,0
4,18,1,13,0.140801,0
5,19,1,1,0.229627,0
5,19,1,2,0.148337,0
5,19,1,3,0.146839,0
5,19,1,4,0.247868,0
5,19,1,5,0.08328,0
5,19,1,6,0.055099,0
5,19,1,7,0.109239,0
5,19,1,8,0.11179,0
5,19,1,10,0.007334,0
5,19,1,11,0.15233,0
5,19,1,12,0.159271,0
5,19,1,13,0.141474,0
1,22,1,1,0.209829,0
1,22,1,2,0.166626,0
1,22,1,3,0.16242,0
1,22,1,4,0.202982,0
1,22,1,5,0.096379,0
1,22,1,6,0.123101,0
1,22,1,7,0.11515,0
1,22,1,8,0.111448,0
1,22,1,10,0.017139,0
1,22,1,11,0.138224,0
1,22,1,12,0.183449,0
1,22,1,13,0.229384,0
2,23,1,1,0.214805,0
2,23,1,2,0.170257,0
2,23,1,3,0.1802,0
2,23,1,4,0.219382,0
2,23,1,5,0.096729,0
2,23,1,6,0.09024,0
2,23,1,7,0.14983,0
2,23,1,8,0.146649,0
2,23,1,10,0.010294,0
2,23,1,11,0.155224,0
2,23,1,12,0.165896,0
2,23,1,13,0.18146,0
3,24,1,1,0.259256,0
3,24,1,2,0.163108,0
3,24,1,3,0.172107,0
3,24,1,4,0.208004,0
3,24,1,5,0.097879,0
3,24,1,6,0.078182,0
3,24,1,7,0.071836,0
3,24,1,8,0.07004,0
3,24,1,10,0.01901,0
3,24,1,11,0.150056,0
3,24,1,12,0.132265,0
3,24,1,13,0.180885,0
4,25,1,1,0.287976,0
4,25,1,2,0.174251,0
4,25,1,3,0.176352,0
4,25,1,4,0.205524,0
4,25,1,5,0.113966,0
4,25,1,6,0.06249,0
4,25,1,7,0.079324,0
4,25,1,8,0.079192,0
4,25,1,10,0.016061,0
4,25,1,11,0.170259,0
4,25,1,12,0.098203,0
4,25,1,13,0.131042,0
5,26,1,1,0.275934,0
5,26,1,2,0.125396,0
5,26,1,3,0.131863,0
5,26,1,4,0.146776,0
5,26,1,5,0.085892,0
5,26,1,6,0.050978,0
5,26,1,7,0.102592,0
5,26,1,8,0.107021,0
5,26,1,10,0.015384,0
5,26,1,11,0.072712,0
5,26,1,12,0.100048,0
5,26,1,13,0.088256,0
1,29,1,1,0.1611,0
1,29,1,2,0.0681,0
1,29,1,3,0.074892,0
1,29,1,4,0.096657,0
1,29,1,5,0.039637,0
1,29,1,6,0.08449,0
1,29,1,7,0.050913,0
1,29,1,8,0.051055,0
1,29,1,10,0.042443,0
1,29,1,11,0.097614,0
1,29,1,12,0.080954,0
1,29,1,13,0.133959,0
2,30,1,1,0.183959,0
2,30,1,2,0.107599,0
2,30,1,3,0.110786,0
2,30,1,4,0.168071,0
2,30,1,5,0.038676,0
2,30,1,6,0.034876,0
2,30,1,7,0.009889,0
2,30,1,8,0.009901,0
2,30,1,10,0.024134,0
2,30,1,11,0.167172,0
2,30,1,12,0.115002,0
2,30,1,13,0.178406,0
3,31,1,1,0.214935,0
3,31,1,2,0.176507,0
3,31,1,3,0.164577,0
3,31,1,4,0.199623,0
3,31,1,5,0.104723,0
3,31,1,6,0.055416,0
3,31,1,7,0.154908,0
3,31,1,8,0.150804,0
3,31,1,10,0.009785,0
3,31,1,11,0.145806,0
3,31,1,12,0.09667,0
3,31,1,13,0.134668,0
4,32,1,1,0.15186,0
4,32,1,2,0.170375,0
4,32,1,3,0.173266,0
4,32,1,4,0.135711,0
4,32,1,5,0.083099,0
4,32,1,6,0.047164,0
4,32,1,7,0.054638,0
4,32,1,8,0.057104,0
4,32,1,10,0.0143,0
4,32,1,11,0.154479,0
4,32,1,12,0.121136,0
4,32,1,13,0.15612,0
5,33,1,1,0.215758,0
5,33,1,2,0.167764,0
5,33,1,3,0.146348,0
5,33,1,4,0.116511,0
5,33,1,5,0.074099,0
5,33,1,6,0.065683,0
5,33,1,7,0.017678,0
5,33,1,8,0.01567,0
5,33,1,9,0.121094,0
5,33,1,10,0.010297,0
5,33,1,11,0.125318,0
5,33,1,12,0.101413,0
5,33,1,13,0.13738,0
1,36,1,1,0.180349,0
1,36,1,2,0.106277,0
1,36,1,3,0.112506,0
1,36,1,4,0.113504,0
1,36,1,5,0.079578,0
1,36,1,6,0.101585,0
1,36,1,7,0.061846,0
1,36,1,8,0.060679,0
1,36,1,10,0.041792,0
1,36,1,11,0.10273,0
1,36,1,12,0.108836,0
1,36,1,13,0.174264,0
2,37,1,1,0.166673,0
2,37,1,2,0.105179,0
2,37,1,3,0.110993,0
2,37,1,4,0.158579,0
2,37,1,5,0.114044,0
2,37,1,6,0.078803,0
2,37,1,7,0.052254,0
2,37,1,8,0.04581,0
2,37,1,10,0.010494,0
2,37,1,11,0.211594,0
2,37,1,12,0.070104,0
2,37,1,13,0.169599,0
3,38,1,1,0.259373,0
3,38,1,2,0.118046,0
3,38,1,3,0.111894,0
3,38,1,4,0.132233,0
3,38,1,5,0.051734,0
3,38,1,6,0.021461,0
3,38,1,7,0.097768,0
3,38,1,8,0.097507,0
3,38,1,10,0.066654,0
3,38,1,11,0.14312,0
3,38,1,12,0.09229,0
3,38,1,13,0.163167,0
4,39,1,1,0.21319,0
4,39,1,2,0.138556,0
4,39,1,3,0.13853,0
4,39,1,4,0.162644,0
4,39,1,5,0.055901,0
4,39,1,6,0.031464,0
4,39,1,7,0.072683,0
4,39,1,8,0.073983,0
4,39,1,10,0.023023,0
4,39,1,11,0.131533,0
4,39,1,12,0.092155,0
4,39,1,13,0.165159,0
5,40,1,1,0.207953,0
5,40,1,2,0.137397,0
5,40,1,3,0.129582,0
5,40,1,4,0.102826,0
5,40,1,5,0.077819,0
5,40,1,6,0.055997,0
5,40,1,7,0.092508,0
5,40,1,8,0.088291,0
5,40,1,10,0.039808,0
5,40,1,11,0.156772,0
5,40,1,12,0.068218,0
5,40,1,13,0.173544,0
1,43,1,1,0.208112,0
1,43,1,2,0.099018,0
1,43,1,3,0.092223,0
1,43,1,4,0.146564,0
1,43,1,5,0.087519,0
1,43,1,6,0.032579,0
1,43,1,7,0.030847,0
1,43,1,8,0.0309,0
1,43,1,10,0.035175,0
1,43,1,11,0.090582,0
1,43,1,12,0.125722,0
1,43,1,13,0.163044,0
2,44,1,1,0.192332,0
2,44,1,2,0.145463,0
2,44,1,3,0.141561,0
2,44,1,4,0.185883,0
2,44,1,5,0.111322,0
2,44,1,6,0.08932,0
2,44,1,7,0.141353,0
2,44,1,8,0.138838,0
2,44,1,10,0.021356,0
2,44,1,11,0.140213,0
2,44,1,12,0.148201,0
2,44,1,13,0.139387,0
3,45,1,1,0.256315,0
3,45,1,2,0.145737,0
3,45,1,3,0.1357,0
3,45,1,4,0.280263,0
3,45,1,5,0.107908,0
3,45,1,6,0.073976,0
3,45,1,7,0.115377,0
3,45,1,8,0.117114,0
3,45,1,10,0.003713,0
3,45,1,11,0.155102,0
3,45,1,12,0.116218,0
3,45,1,13,0.145194,0
4,46,1,1,0.217155,0
4,46,1,2,0.126697,0
4,46,1,3,0.132354,0
4,46,1,4,0.198828,0
4,46,1,5,0.076911,0
4,46,1,6,0.046986,0
4,46,1,7,0.113828,0
4,46,1,8,0.11653,0
4,46,1,9,0.192025,0
4,46,1,10,0.021318,0
4,46,1,11,0.182302,0
4,46,1,12,0.142173,0
4,46,1,13,0.135852,0
5,47,1,1,0.208282,0
5,47,1,2,0.197808,0
5,47,1,3,0.158344,0
5,47,1,4,0.12999,0
5,47,1,5,0.091602,0
5,47,1,6,0.090655,0
5,47,1,7,0.15587,0
5,47,1,8,0.157809,0
5,47,1,10,0.034394,0
5,47,1,11,0.122768,0
5,47,1,12,0.097044,0
5,47,1,13,0.140645,0
1,50,1,1,0.159561,0
1,50,1,2,0.135699,0
1,50,1,3,0.12881,0
1,50,1,4,0.125552,0
1,50,1,5,0.085639,0
1,50,1,6,0.085179,0
1,50,1,7,0.094781,0
1,50,1,8,0.093512,0
1,50,1,10,0.041223,0
1,50,1,11,0.134811,0
1,50,1,12,0.094377,0
1,50,1,13,0.118463,0
2,51,1,1,0.16988,0
2,51,1,2,0.158475,0
2,51,1,3,0.157103,0
2,51,1,4,0.143327,0
2,51,1,5,0.143962,0
2,51,1,6,0.080969,0
2,51,1,7,0.094159,0
2,51,1,8,0.096915,0
2,51,1,10,0.017461,0
2,51,1,11,0.134254,0
2,51,1,12,0.103824,0
2,51,1,13,0.140412,0
3,52,1,1,0.227539,0
3,52,1,2,0.196951,0
3,52,1,3,0.21596,0
3,52,1,4,0.218127,0
3,52,1,5,0.102187,0
3,52,1,6,0.112793,0
3,52,1,7,0.081222,0
3,52,1,8,0.09853,0
3,52,1,10,0.044657,0
3,52,1,11,0.149026,0
3,52,1,12,0.077448,0
3,52,1,13,0.140308,0
4,53,1,1,0.13687,0
4,53,1,2,0.118188,0
4,53,1,3,0.103459,0
4,53,1,4,0.129329,0
4,53,1,5,0.060088,0
4,53,1,6,0.057171,0
4,53,1,7,0.117933,0
4,53,1,8,0.111315,0
4,53,1,10,0.044433,0
4,53,1,11,0.125667,0
4,53,1,12,0.11539,0
4,53,1,13,0.131197,0
5,54,1,1,0.224307,0
5,54,1,2,0.151844,0
5,54,1,3,0.151391,0
5,54,1,4,0.148877,0
5,54,1,5,0.064933,0
5,54,1,6,0.063337,0
5,54,1,7,0.160621,0
5,54,1,8,0.152182,0
5,54,1,10,0.026117,0
5,54,1,11,0.179164,0
5,54,1,12,0.117921,0
5,54,1,13,0.157228,0
1,57,1,1,0.187053,0
1,57,1,2,0.125664,0
1,57,1,3,0.135622,0
1,57,1,4,0.16136,0
1,57,1,5,0.1655,0
1,57,1,6,0.10386,0
1,57,1,7,0.160924,0
1,57,1,8,0.173905,0
1,57,1,10,0.025322,0
1,57,1,11,0.178697,0
1,57,1,12,0.131309,0
1,57,1,13,0.181569,0
2,58,1,1,0.181778,0
2,58,1,2,0.11914,0
2,58,1,3,0.119309,0
2,58,1,4,0.080809,0
2,58,1,5,0.085637,0
2,58,1,6,0.082372,0
2,58,1,7,0.044093,0
2,58,1,8,0.045082,0
2,58,1,10,0.038965,0
2,58,1,11,0.135878,0
2,58,1,12,0.124047,0
2,58,1,13,0.159504,0
3,59,1,1,0.212036,0
3,59,1,2,0.202771,0
3,59,1,3,0.174027,0
3,59,1,4,0.117721,0
3,59,1,5,0.071734,0
3,59,1,6,0.089605,0
3,59,1,7,0.10993,0
3,59,1,8,0.103917,0
3,59,1,10,0.02522,0
3,59,1,11,0.11015,0
3,59,1,12,0.121082,0
3,59,1,13,0.170812,0
4,60,1,1,0.142792,0
4,60,1,2,0.173367,0
4,60,1,3,0.188971,0
4,60,1,4,0.073052,0
4,60,1,5,0.108635,0
4,60,1,6,0.090926,0
4,60,1,7,0.018418,0
4,60,1,8,0.022861,0
4,60,1,10,0.04447,0
4,60,1,11,0.133753,0
4,60,1,12,0.116456,0
4,60,1,13,0.122948,0
5,61,1,1,0.162625,0
5,61,1,2,0.118864,0
5,61,1,3,0.105836,0
5,61,1,4,0.078009,0
5,61,1,5,0.120204,0
5,61,1,6,0.080621,0
5,61,1,7,0.058772,0
5,61,1,8,0.094743,0
5,61,1,10,0.05933,0
5,61,1,11,0.134236,0
5,61,1,12,0.06959,0
5,61,1,13,0.144957,0
1,64,1,1,0.168056,0
1,64,1,2,0.145899,0
1,64,1,3,0.147572,0
1,64,1,4,0.084411,0
1,64,1,5,0.074577,0
1,64,1,6,0.073101,0
1,64,1,7,0.043155,0
1,64,1,8,0.046293,0
1,64,1,10,0.036178,0
1,64,1,11,0.109775,0
1,64,1,12,0.09946,0
1,64,1,13,0.13102,0
2,65,1,1,0.206094,0
2,65,1,2,0.127796,0
2,65,1,3,0.119113,0
2,65,1,4,0.084667,0
2,65,1,5,0.075147,0
2,65,1,6,0.049199,0
2,65,1,7,0.135759,0
2,65,1,8,0.130132,0
2,65,1,10,0.036475,0
2,65,1,11,0.144872,0
2,65,1,12,0.086837,0
2,65,1,13,0.149395,0
3,66,1,1,0.21882,0
3,66,1,2,0.145035,0
3,66,1,3,0.161908,0
3,66,1,4,0.137173,0
3,66,1,5,0.069739,0
3,66,1,6,0.037737,0
3,66,1,7,0.126567,0
3,66,1,8,0.155165,0
3,66,1,10,0.027752,0
3,66,1,11,0.20243,0
3,66,1,12,0.115348,0
3,66,1,13,0.133498,0
4,67,1,1,0.236194,0
4,67,1,2,0.182967,0
4,67,1,3,0.172545,0
4,67,1,4,0.123748,0
4,67,1,5,0.06725,0
4,67,1,6,0.063011,0
4,67,1,7,0.109831,0
4,67,1,8,0.092094,0
4,67,1,10,0.015314,0
4,67,1,11,0.154538,0
4,67,1,12,0.072397,0
4,67,1,13,0.137492,0
5,68,1,1,0.188041,0
5,68,1,2,0.149719,0
5,68,1,3,0.147108,0
5,68,1,4,0.091009,0
5,68,1,5,0.091065,0
5,68,1,6,0.063228,0
5,68,1,7,0.065226,0
5,68,1,8,0.05761,0
5,68,1,10,0.037587,0
5,68,1,11,0.172321,0
5,68,1,12,0.096271,0
5,68,1,13,0.125327,0
1,71,1,1,0.207326,0
1,71,1,2,0.140241,0
1,71,1,3,0.143821,0
1,71,1,4,0.143169,0
1,71,1,5,0.104278,0
1,71,1,6,0.101426,0
1,71,1,7,0.162603,0
1,71,1,8,0.160333,0
1,71,1,9,0.018036,0
1,71,1,10,0.02709,0
1,71,1,11,0.178205,0
1,71,1,12,0.16679,0
1,71,1,13,0.160586,0
2,72,1,1,0.234114,0
2,72,1,2,0.137602,0
2,72,1,3,0.148155,0
2,72,1,4,0.17392,0
2,72,1,5,0.107409,0
2,72,1,6,0.095399,0
2,72,1,7,0.12953,0
2,72,1,8,0.127989,0
2,72,1,10,0.015873,0
2,72,1,11,0.235872,0
2,72,1,12,0.164865,0
2,72,1,13,0.166505,0
3,73,1,1,0.231446,0
3,73,1,2,0.132007,0
3,73,1,3,0.140725,0
3,73,1,4,0.192172,0
3,73,1,5,0.067754,0
3,73,1,6,0.080029,0
3,73,1,7,0.202786,0
3,73,1,8,0.169617,0
3,73,1,10,0.021929,0
3,73,1,11,0.155954,0
3,73,1,12,0.096137,0
3,73,1,13,0.150521,0
4,74,1,1,0.257198,0
4,74,1,2,0.112157,0
4,74,1,3,0.119394,0
4,74,1,4,0.148701,0
4,74,1,5,0.096303,0
4,74,1,6,0.079895,0
4,74,1,7,0.125548,0
4,74,1,8,0.124245,0
4,74,1,10,0.003962,0
4,74,1,11,0.171638,0
4,74,1,12,0.093424,0
4,74,1,13,0.130526,0
5,75,1,1,0.232148,0
5,75,1,2,0.143033,0
5,75,1,3,0.142999,0
5,75,1,4,0.063581,0
5,75,1,5,0.058886,0
5,75,1,6,0.085581,0
5,75,1,7,0.111563,0
5,75,1,8,0.130012,0
5,75,1,10,0.006388,0
5,75,1,11,0.179184,0
5,75,1,12,0.080141,0
5,75,1,13,0.109788,0
1,78,1,1,0.136661,0
1,78,1,2,0.161951,0
1,78,1,3,0.238052,0
1,78,1,4,0.067708,0
1,78,1,5,0.092725,0
1,78,1,6,0.0736,0
1,78,1,7,0.202882,0
1,78,1,8,0.179552,0
1,78,1,10,0.010632,0
1,78,1,11,0.123887,0
1,78,1,12,0.09021,0
1,78,1,13,0.088361,0
2,79,1,1,0.218222,0
2,79,1,2,0.14635,0
2,79,1,3,0.141807,0
2,79,1,4,0.130588,0
2,79,1,5,0.088926,0
2,79,1,6,0.103068,0
2,79,1,7,0.093176,0
2,79,1,8,0.107714,0
2,79,1,9,0.227566,0
2,79,1,10,0.012169,0
2,79,1,11,0.160601,0
2,79,1,12,0.168219,0
2,79,1,13,0.162639,0
3,80,1,1,0.206099,0
3,80,1,2,0.127801,0
3,80,1,3,0.138332,0
3,80,1,4,0.187603,0
3,80,1,5,0.085427,0
3,80,1,6,0.077871,0
3,80,1,7,0.037213,0
3,80,1,8,0.037212,0
3,80,1,10,0.015408,0
3,80,1,11,0.112118,0
3,80,1,12,0.11677,0
3,80,1,13,0.13952,0
4,81,1,1,0.167591,0
4,81,1,2,0.141882,0
4,81,1,3,0.133562,0
4,81,1,4,0.135374,0
4,81,1,5,0.05123,0
4,81,1,6,0.053368,0
4,81,1,7,0.088921,0
4,81,1,8,0.100501,0
4,81,1,10,0.033543,0
4,81,1,11,0.130526,0
4,81,1,12,0.065958,0
4,81,1,13,0.114637,0
5,82,1,1,0.131736,0
5,82,1,2,0.102158,0
5,82,1,3,0.123398,0
5,82,1,4,0.107194,0
5,82,1,5,0.030046,0
5,82,1,6,0.043859,0
5,82,1,7,0.17957,0
5,82,1,8,0.163421,0
5,82,1,10,0.026018,0
5,82,1,11,0.074378,0
5,82,1,12,0.06585,0
5,82,1,13,0.101253,0
1,85,1,1,0.101008,0
1,85,1,2,0.159269,0
1,85,1,3,0.152715,0
1,85,1,4,0.097563,0
1,85,1,5,0.020634,0
1,85,1,6,0.033828,0
1,85,1,7,0.161802,0
1,85,1,8,0.117411,0
1,85,1,10,0.018048,0
1,85,1,11,0.044407,0
1,85,1,12,0.103479,0
1,85,1,13,0.052278,0
2,86,1,1,0.096117,0
2,86,1,2,0.131805,0
2,86,1,3,0.133624,0
2,86,1,4,0.03252,0
2,86,1,5,0.022464,0
2,86,1,6,0.046149,0
2,86,1,7,0.081945,0
2,86,1,8,0.086303,0
2,86,1,10,0.043472,0
2,86,1,11,0.088258,0
2,86,1,12,0.075017,0
2,86,1,13,0.060031,0
3,87,1,1,0.201033,0
3,87,1,2,0.029157,0
3,87,1,3,0.070657,0
3,87,1,4,0.104437,0
3,87,1,5,0.061262,0
3,87,1,6,0.057479,0
3,87,1,7,0.13641,0
3,87,1,8,0.137992,0
3,87,1,10,0.021177,0
3,87,1,11,0.146777,0
3,87,1,12,0.054208,0
3,87,1,13,0.070537,0
4,88,1,1,0.121247,0
4,88,1,2,0.03055,0
4,88,1,3,0.036665,0
4,88,1,4,0.059467,0
4,88,1,5,0.052021,0
4,88,1,6,0.029728,0
4,88,1,7,0.057354,0
4,88,1,8,0.054517,0
4,88,1,10,0.019008,0
4,88,1,11,0.104386,0
4,88,1,12,0.084454,0
4,88,1,13,0.08497,0
5,89,1,1,0.096806,0
5,89,1,2,0.055271,0
5,89,1,3,0.056675,0
5,89,1,4,0.042843,0
5,89,1,5,0.082545,0
5,89,1,6,0.02848,0
5,89,1,7,0.023351,0
5,89,1,8,0.026473,0
5,89,1,10,0.009533,0
5,89,1,11,0.113195,0
5,89,1,12,0.084552,0
5,89,1,13,0.056188,0
1,92,1,1,0.174006,0
1,92,1,2,0.111808,0
1,92,1,3,0.105912,0
1,92,1,4,0.080659,0
1,92,1,5,0.130702,0
1,92,1,6,0.087963,0
1,92,1,7,0.154966,0
1,92,1,8,0.158348,0
1,92,1,10,0.009651,0
1,92,1,11,0.193328,0
1,92,1,12,0.092396,0
1,92,1,13,0.140469,0
2,93,1,1,0.156227,0
2,93,1,2,0.095163,0
2,93,1,3,0.101452,0
2,93,1,4,0.086783,0
2,93,1,5,0.154999,0
2,93,1,6,0.10001,0
2,93,1,7,0.077488,0
2,93,1,8,0.079559,0
2,93,1,10,0.015243,0
2,93,1,11,0.119256,0
2,93,1,12,0.116329,0
2,93,1,13,0.125536,0
3,94,1,1,0.166507,0
3,94,1,2,0.097458,0
3,94,1,3,0.088841,0
3,94,1,4,0.062246,0
3,94,1,5,0.098786,0
3,94,1,6,0.032106,0
3,94,1,7,0.122708,0
3,94,1,8,0.109449,0
3,94,1,10,0.062092,0
3,94,1,11,0.128967,0
3,94,1,12,0.067432,0
3,94,1,13,0.093119,0
4,95,1,1,0.177082,0
4,95,1,2,0.090365,0
4,95,1,3,0.09149,0
4,95,1,4,0.106971,0
4,95,1,5,0.040974,0
4,95,1,6,0.040099,0
4,95,1,7,0.076916,0
4,95,1,8,0.078429,0
4,95,1,10,0.018103,0
4,95,1,11,0.086456,0
4,95,1,12,0.078254,0
4,95,1,13,0.076623,0
5,96,1,1,0.131772,0
5,96,1,2,0.103911,0
5,96,1,3,0.099242,0
5,96,1,4,0.075249,0
5,96,1,5,0.0435,0
5,96,1,6,0.043384,0
5,96,1,7,0.061693,0
5,96,1,8,0.062445,0
5,96,1,10,0.021406,0
5,96,1,11,0.047152,0
5,96,1,12,0.045543,0
5,96,1,13,0.045333,0
1,99,1,1,0.061702,0
1,99,1,2,0.099392,0
1,99,1,3,0.094004,0
1,99,1,4,0.113933,0
1,99,1,5,0.065518,0
1,99,1,6,0.043782,0
1,99,1,7,0.088339,0
1,99,1,8,0.074219,0
1,99,1,9,0.008964,0
1,99,1,10,0.044516,0
1,99,1,11,0.084939,0
1,99,1,12,0.07125,0
1,99,1,13,0.090645,0
2,100,1,1,0.122508,0
2,100,1,2,0.077213,0
2,100,1,3,0.079438,0
2,100,1,4,0.070149,0
2,100,1,5,0.03589,0
2,100,1,6,0.055176,0
2,100,1,7,0.139651,0
2,100,1,8,0.157339,0
2,100,1,9,0.053309,0
2,100,1,10,0.024017,0
2,100,1,11,0.121663,0
2,100,1,12,0.083479,0
2,100,1,13,0.084218,0
3,101,1,1,0.213939,0
3,101,1,2,0.091954,0
3,101,1,3,0.105153,0
3,101,1,4,0.088271,0
3,101,1,5,0.081054,0
3,101,1,6,0.052231,0
3,101,1,7,0.07229,0
3,101,1,8,0.068204,0
3,101,1,9,0.043305,0
3,101,1,10,0.019444,0
3,101,1,11,0.115521,0
3,101,1,12,0.083688,0
3,101,1,13,0.082038,0
4,102,1,1,0.180711,0
4,102,1,2,0.080575,0
4,102,1,3,0.087693,0
4,102,1,4,0.163338,0
4,102,1,5,0.084682,0
4,102,1,6,0.097511,0
4,102,1,7,0.086161,0
4,102,1,8,0.078984,0
4,102,1,9,0.016603,0
4,102,1,10,0.021294,0
4,102,1,11,0.13462,0
4,102,1,12,0.111912,0
4,102,1,13,0.091364,0
5,103,1,1,0.203179,0
5,103,1,2,0.165135,0
5,103,1,3,0.15333,0
5,103,1,4,0.106966,0
5,103,1,5,0.084714,0
5,103,1,6,0.100876,0
5,103,1,7,0.097396,0
5,103,1,8,0.08602,0
5,103,1,9,0.012473,0
5,103,1,10,0.014491,0
5,103,1,11,0.184345,0
5,103,1,12,0.095099,0
5,103,1,13,0.088362,0
1,106,1,1,0.124664,0
1,106,1,2,0.156991,0
1,106,1,3,0.145597,0
1,106,1,4,0.148235,0
1,106,1,5,0.084171,0
1,106,1,6,0.081623,0
1,106,1,7,0.147178,0
1,106,1,8,0.143514,0
1,106,1,9,0.01378,0
1,106,1,10,0.020799,0
1,106,1,11,0.112874,0
1,106,1,12,0.103466,0
1,106,1,13,0.122916,0
2,107,1,1,0.196717,0
2,107,1,2,0.143773,0
2,107,1,3,0.137474,0
2,107,1,4,0.131669,0
2,107,1,5,0.078159,0
2,107,1,6,0.058845,0
2,107,1,7,0.137764,0
2,107,1,8,0.128199,0
2,107,1,9,0.113343,0
2,107,1,10,0.01288,0
2,107,1,11,0.12926,0
2,107,1,12,0.1416,0
2,107,1,13,0.114129,0
3,108,1,1,0.225415,0
3,108,1,2,0.112979,0
3,108,1,3,0.104687,0
3,108,1,4,0.148523,0
3,108,1,5,0.052434,0
3,108,1,6,0.038798,0
3,108,1,7,0.097538,0
3,108,1,8,0.102469,0
3,108,1,9,0.024189,0
3,108,1,10,0.016222,0
3,108,1,11,0.092411,0
3,108,1,12,0.068342,0
3,108,1,13,0.079073,0
4,109,1,1,0.164659,0
4,109,1,2,0.11997,0
4,109,1,3,0.112245,0
4,109,1,4,0.113199,0
4,109,1,5,0.101223,0
4,109,1,6,0.07003,0
4,109,1,7,0.071463,0
4,109,1,8,0.071013,0
4,109,1,9,0.05117,0
4,109,1,10,0.015216,0
4,109,1,11,0.064522,0
4,109,1,12,0.065547,0
4,109,1,13,0.097364,0
5,110,1,1,0.200574,0
5,110,1,2,0.099486,0
5,110,1,3,0.116142,0
5,110,1,4,0.174479,0
5,110,1,5,0.060553,0
5,110,1,6,0.01664,0
5,110,1,7,0.157285,0
5,110,1,8,0.153512,0
5,110,1,9,0.006613,0
5,110,1,10,0.058673,0
5,110,1,11,0.111717,0
5,110,1,12,0.061685,0
5,110,1,13,0.119127,0
1,113,1,1,0.204452,0
1,113,1,2,0.213687,0
1,113,1,3,0.173938,0
1,113,1,4,0.238718,0
1,113,1,5,0.104312,0
1,113,1,6,0.058347,0
1,113,1,7,0.151826,0
1,113,1,8,0.151809,0
1,113,1,9,0.029717,0
1,113,1,10,0.008132,0
1,113,1,11,0.124808,0
1,113,1,12,0.122668,0
1,113,1,13,0.136559,0
2,114,1,1,0.278577,0
2,114,1,2,0.165757,0
2,114,1,3,0.158249,0
2,114,1,4,0.165891,0
2,114,1,5,0.069316,0
2,114,1,6,0.091765,0
2,114,1,7,0.102308,0
2,114,1,8,0.094227,0
2,114,1,9,0.082388,0
2,114,1,10,0.016519,0
2,114,1,11,0.133107,0
2,114,1,12,0.144727,0
2,114,1,13,0.146433,0
3,115,1,1,0.197487,0
3,115,1,2,0.133553,0
3,115,1,3,0.131217,0
3,115,1,4,0.138777,0
3,115,1,5,0.068449,0
3,115,1,6,0.057273,0
3,115,1,7,0.120867,0
3,115,1,8,0.105948,0
3,115,1,9,0.046145,0
3,115,1,10,0.033842,0
3,115,1,11,0.140098,0
3,115,1,12,0.136027,0
3,115,1,13,0.140943,0
4,116,1,1,0.195132,0
4,116,1,2,0.072885,0
4,116,1,3,0.083624,0
4,116,1,4,0.130162,0
4,116,1,5,0.056136,0
4,116,1,6,0.086639,0
4,116,1,7,0.067702,0
4,116,1,8,0.070884,0
4,116,1,9,0.066891,0
4,116,1,10,0.025131,0
4,116,1,11,0.097725,0
4,116,1,12,0.107846,0
4,116,1,13,0.116512,0
5,117,1,1,0.111931,0
5,117,1,2,0.07285,0
5,117,1,3,0.069614,0
5,117,1,4,0.083276,0
5,117,1,5,0.085922,0
5,117,1,6,0.052508,0
5,117,1,7,0.156904,0
5,117,1,8,0.158897,0
5,117,1,9,0.008094,0
5,117,1,10,0.014798,0
5,117,1,11,0.090111,0
5,117,1,12,0.063281,0
5,117,1,13,0.065819,0
1,120,1,1,0.088274,0
1,120,1,2,0.084517,0
1,120,1,3,0.077725,0
1,120,1,4,0.118022,0
1,120,1,5,0.066315,0
1,120,1,6,0.05204,0
1,120,1,7,0.059999,0
1,120,1,8,0.053367,0
1,120,1,9,0.031956,0
1,120,1,10,0.015973,0
1,120,1,11,0.077284,0
1,120,1,12,0.075681,0
1,120,1,13,0.076808,0
2,121,1,1,0.113462,0
2,121,1,2,0.064068,0
2,121,1,3,0.065059,0
2,121,1,4,0.130395,0
2,121,1,5,0.087279,0
2,121,1,6,0.074673,0
2,121,1,7,0.078489,0
2,121,1,8,0.079607,0
2,121,1,9,0.118022,0
2,121,1,10,0.005438,0
2,121,1,11,0.074905,0
2,121,1,12,0.090753,0
2,121,1,13,0.112676,0
3,122,1,1,0.153346,0
3,122,1,2,0.104498,0
3,122,1,3,0.109708,0
3,122,1,4,0.122873,0
3,122,1,5,0.060167,0
3,122,1,6,0.058239,0
3,122,1,7,0.113486,0
3,122,1,8,0.111773,0
3,122,1,9,0.030764,0
3,122,1,10,0.0096,0
3,122,1,11,0.079185,0
3,122,1,12,0.077797,0
3,122,1,13,0.072101,0
4,123,1,1,0.174337,0
4,123,1,2,0.117161,0
4,123,1,3,0.134122,0
4,123,1,4,0.14775,0
4,123,1,5,0.109769,0
4,123,1,6,0.041942,0
4,123,1,7,0.076277,0
4,123,1,8,0.069768,0
4,123,1,9,0.036229,0
4,123,1,10,0.023388,0
4,123,1,11,0.123407,0
4,123,1,12,0.088045,0
4,123,1,13,0.084989,0
5,124,1,1,0.109997,0
5,124,1,2,0.094828,0
5,124,1,3,0.082521,0
5,124,1,4,0.132659,0
5,124,1,5,0.070832,0
5,124,1,6,0.05397,0
5,124,1,7,0.06235,0
5,124,1,8,0.060446,0
5,124,1,9,0.029463,0
5,124,1,10,0.008336,0
5,124,1,11,0.08482,0
5,124,1,12,0.062965,0
5,124,1,13,0.049734,0
1,127,1,1,0.152267,0
1,127,1,2,0.06284,0
1,127,1,3,0.063668,0
1,127,1,4,0.107504,0
1,127,1,5,0.044453,0
1,127,1,6,0.040427,0
1,127,1,7,0.139971,0
1,127,1,8,0.137959,0
1,127,1,10,0.011326,0
1,127,1,11,0.071792,0
1,127,1,12,0.102618,0
1,127,1,13,0.108573,0
2,128,1,1,0.143811,0
2,128,1,2,0.097871,0
2,128,1,3,0.089941,0
2,128,1,4,0.125151,0
2,128,1,5,0.038589,0
2,128,1,6,0.036501,0
2,128,1,7,0.065995,0
2,128,1,8,0.068014,0
2,128,1,9,0.028372,0
2,128,1,10,0.007303,0
2,128,1,11,0.111464,0
2,128,1,12,0.107679,0
2,128,1,13,0.095821,0
3,129,1,1,0.184249,0
3,129,1,2,0.048571,0
3,129,1,3,0.067216,0
3,129,1,4,0.090399,0
3,129,1,5,0.051224,0
3,129,1,6,0.044922,0
3,129,1,7,0.141949,0
3,129,1,8,0.142802,0
3,129,1,9,0.130763,0
3,129,1,10,0.009842,0
3,129,1,11,0.10504,0
3,129,1,12,0.13576,0
3,129,1,13,0.107844,0
4,130,1,1,0.1996,0
4,130,1,2,0.088588,0
4,130,1,3,0.119672,0
4,130,1,4,0.161423,0
4,130,1,5,0.049517,0
4,130,1,6,0.050326,0
4,130,1,7,0.076917,0
4,130,1,8,0.064028,0
4,130,1,9,0.019287,0
4,130,1,10,0.0109,0
4,130,1,11,0.141538,0
4,130,1,12,0.109679,0
4,130,1,13,0.03602,0
5,131,1,1,0.131263,0
5,131,1,2,0.112898,0
5,131,1,3,0.125254,0
5,131,1,4,0.120115,0
5,131,1,5,0.094062,0
5,131,1,6,0.05757,0
5,131,1,7,0.054685,0
5,131,1,8,0.057946,0
5,131,1,9,0.02332,0
5,131,1,10,0.008273,0
5,131,1,11,0.088849,0
5,131,1,12,0.1104,0
5,131,1,13,0.053297,0
1,134,1,1,0.131389,0
1,134,1,2,0.08759,0
1,134,1,3,0.094374,0
1,134,1,4,0.117386,0
1,134,1,5,0.040345,0
1,134,1,6,0.028265,0
1,134,1,7,0.142147,0
1,134,1,8,0.148175,0
1,134,1,10,0.025436,0
1,134,1,11,0.098268,0
1,134,1,12,0.132521,0
1,134,1,13,0.096771,0
2,135,1,1,0.199752,0
2,135,1,2,0.148754,0
2,135,1,3,0.1375,0
2,135,1,4,0.143271,0
2,135,1,5,0.061603,0
2,135,1,6,0.069154,0
2,135,1,7,0.107346,0
2,135,1,8,0.104265,0
2,135,1,9,0.058245,0
2,135,1,10,0.023836,0
2,135,1,11,0.104096,0
2,135,1,12,0.111209,0
2,135,1,13,0.143165,0
3,136,1,1,0.25161,0
3,136,1,2,0.147215,0
3,136,1,3,0.13366,0
3,136,1,4,0.153043,0
3,136,1,5,0.046969,0
3,136,1,6,0.042501,0
3,136,1,7,0.161733,0
3,136,1,8,0.133821,0
3,136,1,9,0.024475,0
3,136,1,10,0.008637,0
3,136,1,11,0.158933,0
3,136,1,12,0.107664,0
3,136,1,13,0.167097,0
4,137,1,1,0.184366,0
4,137,1,2,0.099177,0
4,137,1,3,0.105473,0
4,137,1,4,0.132362,0
4,137,1,5,0.073085,0
4,137,1,6,0.03669,0
4,137,1,7,0.179878,0
4,137,1,8,0.176075,0
4,137,1,9,0.009361,0
4,137,1,10,0.009976,0
4,137,1,11,0.158504,0
4,137,1,12,0.087665,0
4,137,1,13,0.125217,0
5,138,1,1,0.185592,0
5,138,1,2,0.082934,0
5,138,1,3,0.091969,0
5,138,1,4,0.189172,0
5,138,1,5,0.087527,0
5,138,1,6,0.054845,0
5,138,1,7,0.073544,0
5,138,1,8,0.066177,0
5,138,1,9,0.037279,0
5,138,1,10,0.012669,0
5,138,1,11,0.121929,0
5,138,1,12,0.106216,0
5,138,1,13,0.105322,0
1,141,1,1,0.153215,0
1,141,1,2,0.129455,0
1,141,1,3,0.118404,0
1,141,1,4,0.146463,0
1,141,1,5,0.150278,0
1,141,1,6,0.15321,0
1,141,1,7,0.107302,0
1,141,1,8,0.090135,0
1,141,1,9,0.004819,0
1,141,1,10,0.070549,0
1,141,1,11,0.162933,0
1,141,1,12,0.108925,0
1,141,1,13,0.190329,0
2,142,1,1,0.18605,0
2,142,1,2,0.137106,0
2,142,1,3,0.148016,0
2,142,1,4,0.164607,0
2,142,1,5,0.07662,0
2,142,1,6,0.072688,0
2,142,1,7,0.111979,0
2,142,1,8,0.108275,0
2,142,1,9,0.041178,0
2,142,1,10,0.029798,0
2,142,1,11,0.105054,0
2,142,1,12,0.106573,0
2,142,1,13,0.141979,0
3,143,1,1,0.244789,0
3,143,1,2,0.111378,0
3,143,1,3,0.101206,0
3,143,1,4,0.203189,0
3,143,1,5,0.08366,0
3,143,1,6,0.092439,0
3,143,1,7,0.142655,0
3,143,1,8,0.139794,0
3,143,1,9,0.016191,0
3,143,1,10,0.015418,0
3,143,1,11,0.125306,0
3,143,1,12,0.109581,0
3,143,1,13,0.192028,0
4,144,1,1,0.203719,0
4,144,1,2,0.120904,0
4,144,1,3,0.132403,0
4,144,1,4,0.178987,0
4,144,1,5,0.102225,0
4,144,1,6,0.072041,0
4,144,1,7,0.106168,0
4,144,1,8,0.104499,0
4,144,1,9,0.052327,0
4,144,1,10,0.028055,0
4,144,1,11,0.134314,0
4,144,1,12,0.057017,0
4,144,1,13,0.095802,0
5,145,1,1,0.215966,0
5,145,1,2,0.139182,0
5,145,1,3,0.124815,0
5,145,1,4,0.1496,0
5,145,1,5,0.057178,0
5,145,1,6,0.068418,0
5,145,1,7,0.084784,0
5,145,1,8,0.108771,0
5,145,1,9,0.014707,0
5,145,1,10,0.016346,0
5,145,1,11,0.128831,0
5,145,1,12,0.114788,0
5,145,1,13,0.115716,0
1,148,1,1,0.171237,0
1,148,1,2,0.183995,0
1,148,1,3,0.198135,0
1,148,1,4,0.16172,0
1,148,1,5,0.085866,0
1,148,1,6,0.090017,0
1,148,1,7,0.188479,0
1,148,1,8,0.191061,0
1,148,1,9,0.028353,0
1,148,1,10,0.012844,0
1,148,1,11,0.142527,0
1,148,1,12,0.1173,0
1,148,1,13,0.161192,0
2,149,1,1,0.229035,0
2,149,1,2,0.167133,0
2,149,1,3,0.141958,0
2,149,1,4,0.15853,0
2,149,1,5,0.071649,0
2,149,1,6,0.04698,0
2,149,1,7,0.100124,0
2,149,1,8,0.110114,0
2,149,1,10,0.008171,0
2,149,1,11,0.088254,0
2,149,1,12,0.096728,0
2,149,1,13,0.154429,0
3,150,1,1,0.167647,0
3,150,1,2,0.076871,0
3,150,1,3,0.086979,0
3,150,1,4,0.14799,0
3,150,1,5,0.071321,0
3,150,1,6,0.066337,0
3,150,1,7,0.101772,0
3,150,1,8,0.097119,0
3,150,1,9,0.016052,0
3,150,1,10,0.022127,0
3,150,1,11,0.106262,0
3,150,1,12,0.078277,0
3,150,1,13,0.126476,0
4,151,1,1,0.208524,0
4,151,1,2,0.151842,0
4,151,1,3,0.143123,0
4,151,1,4,0.180576,0
4,151,1,5,0.093552,0
4,151,1,6,0.063178,0
4,151,1,7,0.13966,0
4,151,1,8,0.149335,0
4,151,1,9,0.01849,0
4,151,1,10,0.014165,0
4,151,1,11,0.151815,0
4,151,1,12,0.100236,0
4,151,1,13,0.162003,0
5,152,1,1,0.17196,0
5,152,1,2,0.153494,0
5,152,1,3,0.156405,0
5,152,1,4,0.166123,0
5,152,1,5,0.089503,0
5,152,1,6,0.067809,0
5,152,1,7,0.221708,0
5,152,1,8,0.186964,0
5,152,1,9,0.033632,0
5,152,1,10,0.02037,0
5,152,1,11,0.118615,0
5,152,1,12,0.098537,0
5,152,1,13,0.132575,0
1,155,1,1,0.135745,0
1,155,1,2,0.104919,0
1,155,1,3,0.115164,0
1,155,1,4,0.152217,0
1,155,1,5,0.107809,0
1,155,1,6,0.052864,0
1,155,1,7,0.137641,0
1,155,1,8,0.130122,0
1,155,1,10,0.032776,0
1,155,1,11,0.141519,0
1,155,1,12,0.113916,0
1,155,1,13,0.086422,0
2,156,1,1,0.174863,0
2,156,1,2,0.09613,0
2,156,1,3,0.095464,0
2,156,1,4,0.155664,0
2,156,1,5,0.058431,0
2,156,1,6,0.069356,0
2,156,1,7,0.215325,0
2,156,1,8,0.216434,0
2,156,1,10,0.008858,0
2,156,1,11,0.173733,0
2,156,1,12,0.152484,0
2,156,1,13,0.106048,0
3,157,1,1,0.229175,0
3,157,1,2,0.15142,0
3,157,1,3,0.153237,0
3,157,1,4,0.207275,0
3,157,1,5,0.052966,0
3,157,1,6,0.076829,0
3,157,1,7,0.143101,0
3,157,1,8,0.135778,0
3,157,1,10,0.035215,0
3,157,1,11,0.143528,0
3,157,1,12,0.147895,0
3,157,1,13,0.153769,0
4,158,1,1,0.251989,0
4,158,1,2,0.121694,0
4,158,1,3,0.116217,0
4,158,1,4,0.160287,0
4,158,1,5,0.055631,0
4,158,1,6,0.052038,0
4,158,1,7,0.134464,0
4,158,1,8,0.142988,0
4,158,1,10,0.010311,0
4,158,1,11,0.112536,0
4,158,1,12,0.105787,0
4,158,1,13,0.134361,0
5,159,1,1,0.196565,0
5,159,1,2,0.139287,0
5,159,1,3,0.139263,0
5,159,1,4,0.169483,0
5,159,1,5,0.048084,0
5,159,1,6,0.040735,0
5,159,1,7,0.118139,0
5,159,1,8,0.088969,0
5,159,1,10,0.014522,0
5,159,1,11,0.162526,0
5,159,1,12,0.077014,0
5,159,1,13,0.146642,0
1,162,1,1,0.132645,0
1,162,1,2,0.132607,0
1,162,1,3,0.144367,0
1,162,1,4,0.150493,0
1,162,1,5,0.082349,0
1,162,1,6,0.036836,0
1,162,1,7,0.178623,0
1,162,1,8,0.185487,0
1,162,1,10,0.052051,0
1,162,1,11,0.179343,0
1,162,1,12,0.085443,0
1,162,1,13,0.111738,0
2,163,1,1,0.239485,0
2,163,1,2,0.150425,0
2,163,1,3,0.144219,0
2,163,1,4,0.201597,0
2,163,1,5,0.062366,0
2,163,1,6,0.053594,0
2,163,1,7,0.140613,0
2,163,1,8,0.134685,0
2,163,1,10,0.009996,0
2,163,1,11,0.15542,0
2,163,1,12,0.114333,0
2,163,1,13,0.137237,0
3,164,1,1,0.237864,0
3,164,1,2,0.134276,0
3,164,1,3,0.132359,0
3,164,1,4,0.189514,0
3,164,1,5,0.084943,0
3,164,1,6,0.056795,0
3,164,1,7,0.218344,0
3,164,1,8,0.157625,0
3,164,1,10,0.004865,0
3,164,1,11,0.074284,0
3,164,1,12,0.092278,0
3,164,1,13,0.133756,0
4,165,1,1,0.276294,0
4,165,1,2,0.135632,0
4,165,1,3,0.135833,0
4,165,1,4,0.210544,0
4,165,1,5,0.084801,0
4,165,1,6,0.063081,0
4,165,1,7,0.210043,0
4,165,1,8,0.205311,0
4,165,1,10,0.103569,0
4,165,1,11,0.159518,0
4,165,1,12,0.097353,0
4,165,1,13,0.152762,0
5,166,1,1,0.27854,0
5,166,1,2,0.092872,0
5,166,1,3,0.093929,0
5,166,1,4,0.162749,0
5,166,1,5,0.074385,0
5,166,1,6,0.04167,0
5,166,1,7,0.11266,0
5,166,1,8,0.113941,0
5,166,1,10,0.013723,0
5,166,1,11,0.120339,0
5,166,1,12,0.065763,0
5,166,1,13,0.133961,0
1,169,1,1,0.222942,0
1,169,1,2,0.141692,0
1,169,1,3,0.138071,0
1,169,1,4,0.165087,0
1,169,1,5,0.031536,0
1,169,1,6,0.045724,0
1,169,1,7,0.164147,0
1,169,1,8,0.203889,0
1,169,1,9,0.030379,0
1,169,1,10,0.027279,0
1,169,1,11,0.136816,0
1,169,1,12,0.088448,0
1,169,1,13,0.096284,0
2,170,1,1,0.207185,0
2,170,1,2,0.122732,0
2,170,1,3,0.123431,0
2,170,1,4,0.176202,0
2,170,1,5,0.090953,0
2,170,1,6,0.033351,0
2,170,1,7,0.090941,0
2,170,1,8,0.085073,0
2,170,1,9,0.044038,0
2,170,1,10,0.01811,0
2,170,1,11,0.132216,0
2,170,1,12,0.120455,0
2,170,1,13,0.152008,0
3,171,1,1,0.247112,0
3,171,1,2,0.114176,0
3,171,1,3,0.114428,0
3,171,1,4,0.220771,0
3,171,1,5,0.059626,0
3,171,1,6,0.051547,0
3,171,1,7,0.127031,0
3,171,1,8,0.129014,0
3,171,1,9,0.041233,0
3,171,1,10,0.0118,0
3,171,1,11,0.090776,0
3,171,1,12,0.076732,0
3,171,1,13,0.124969,0
4,172,1,1,0.163291,0
4,172,1,2,0.077988,0
4,172,1,3,0.092909,0
4,172,1,4,0.125062,0
4,172,1,5,0.008341,0
4,172,1,6,0.004861,0
4,172,1,7,0.03626,0
4,172,1,8,0.037887,0
4,172,1,9,0.040934,0
4,172,1,10,0.015885,0
4,172,1,11,0.096489,0
4,172,1,12,0.084139,0
4,172,1,13,0.042894,0
5,173,1,1,0.144937,0
5,173,1,2,0.13049,0
5,173,1,3,0.126934,0
5,173,1,4,0.053853,0
5,173,1,5,0.045874,0
5,173,1,6,0.020668,0
5,173,1,7,0.127766,0
5,173,1,8,0.131208,0
5,173,1,9,0.03083,0
5,173,1,10,0.011192,0
5,173,1,11,0.064962,0
5,173,1,12,0.074128,0
5,173,1,13,0.034448,0
1,176,1,1,0.20276,0
1,176,1,2,0.135718,0
1,176,1,3,0.137884,0
1,176,1,4,0.221554,0
1,176,1,5,0.120028,0
1,176,1,6,0.058095,0
1,176,1,7,0.165008,0
1,176,1,8,0.156613,0
1,176,1,9,0.038304,0
1,176,1,10,0.014449,0
1,176,1,11,0.109566,0
1,176,1,12,0.175647,0
1,176,1,13,0.126826,0
2,177,1,1,0.266662,0
2,177,1,2,0.165455,0
2,177,1,3,0.165833,0
2,177,1,4,0.254089,0
2,177,1,5,0.065435,0
2,177,1,6,0.054728,0
2,177,1,7,0.181317,0
2,177,1,8,0.166638,0
2,177,1,10,0.008815,0
2,177,1,11,0.127584,0
2,177,1,12,0.100783,0
2,177,1,13,0.155061,0
3,178,1,1,0.224367,0
3,178,1,2,0.225982,0
3,178,1,3,0.22151,0
3,178,1,4,0.203085,0
3,178,1,5,0.108265,0
3,178,1,6,0.10544,0
3,178,1,7,0.185109,0
3,178,1,8,0.187743,0
3,178,1,10,0.026293,0
3,178,1,11,0.153453,0
3,178,1,12,0.106655,0
3,178,1,13,0.170455,0
4,179,1,1,0.236107,0
4,179,1,2,0.238479,0
4,179,1,3,0.233532,0
4,179,1,4,0.189723,0
4,179,1,5,0.112444,0
4,179,1,6,0.064169,0
4,179,1,7,0.149175,0
4,179,1,8,0.156411,0
4,179,1,10,0.012811,0
4,179,1,11,0.126739,0
4,179,1,12,0.110148,0
4,179,1,13,0.149154,0
5,180,1,1,0.229119,0
5,180,1,2,0.196906,0
5,180,1,3,0.190778,0
5,180,1,4,0.156454,0
5,180,1,5,0.117693,0
5,180,1,6,0.023686,0
5,180,1,7,0.178784,0
5,180,1,8,0.16018,0
5,180,1,10,0.009599,0
5,180,1,11,0.158025,0
5,180,1,12,0.127115,0
5,180,1,13,0.151609,0
1,183,1,1,0.254626,0
1,183,1,2,0.133088,0
1,183,1,3,0.158158,0
1,183,1,4,0.251109,0
1,183,1,5,0.073012,0
1,183,1,6,0.070621,0
1,183,1,7,0.228616,0
1,183,1,8,0.231034,0
1,183,1,10,0.005056,0
1,183,1,11,0.153766,0
1,183,1,12,0.131058,0
1,183,1,13,0.177773,0
2,184,1,1,0.229904,0
2,184,1,2,0.182622,0
2,184,1,3,0.173081,0
2,184,1,4,0.18543,0
2,184,1,5,0.059886,0
2,184,1,6,0.0329,0
2,184,1,7,0.233953,0
2,184,1,8,0.239293,0
2,184,1,9,0.043046,0
2,184,1,10,0.020635,0
2,184,1,11,0.111903,0
2,184,1,12,0.101811,0
2,184,1,13,0.169446,0
3,185,1,1,0.204485,0
3,185,1,2,0.199932,0
3,185,1,3,0.206415,0
3,185,1,4,0.193843,0
3,185,1,5,0.077577,0
3,185,1,6,0.030861,0
3,185,1,7,0.10704,0
3,185,1,8,0.117774,0
3,185,1,9,0.032236,0
3,185,1,10,0.076834,0
3,185,1,11,0.132541,0
3,185,1,12,0.130187,0
3,185,1,13,0.13469,0
4,186,1,1,0.186949,0
4,186,1,2,0.158438,0
4,186,1,3,0.156113,0
4,186,1,4,0.132864,0
4,186,1,5,0.094488,0
4,186,1,6,0.035954,0
4,186,1,7,0.239334,0
4,186,1,8,0.262735,0
4,186,1,9,0.062972,0
4,186,1,10,0.006084,0
4,186,1,11,0.128019,0
4,186,1,12,0.109771,0
4,186,1,13,0.12778,0
5,187,1,1,0.201271,0
5,187,1,2,0.136235,0
5,187,1,3,0.121039,0
5,187,1,4,0.136372,0
5,187,1,5,0.078879,0
5,187,1,6,0.039607,0
5,187,1,7,0.150671,0
5,187,1,8,0.161535,0
5,187,1,9,0.040259,0
5,187,1,10,0.019008,0
5,187,1,11,0.116491,0
5,187,1,12,0.036408,0
5,187,1,13,0.10317,0
1,190,1,1,0.154497,0
1,190,1,2,0.122519,0
1,190,1,3,0.116527,0
1,190,1,4,0.127605,0
1,190,1,5,0.06736,0
1,190,1,6,0.070935,0
1,190,1,7,0.112969,0
1,190,1,8,0.112402,0
1,190,1,9,0.027051,0
1,190,1,10,0.010436,0
1,190,1,11,0.126109,0
1,190,1,12,0.054654,0
1,190,1,13,0.112207,0
2,191,1,1,0.176224,0
2,191,1,2,0.103298,0
2,191,1,3,0.113449,0
2,191,1,4,0.191834,0
2,191,1,5,0.082853,0
2,191,1,6,0.063715,0
2,191,1,7,0.189103,0
2,191,1,8,0.193621,0
2,191,1,9,0.108469,0
2,191,1,10,0.021736,0
2,191,1,11,0.139817,0
2,191,1,12,0.11153,0
2,191,1,13,0.162516,0
3,192,1,1,0.218429,0
3,192,1,2,0.134167,0
3,192,1,3,0.140075,0
3,192,1,4,0.190444,0
3,192,1,5,0.117981,0
3,192,1,6,0.086007,0
3,192,1,7,0.063473,0
3,192,1,8,0.072097,0
3,192,1,9,0.088501,0
3,192,1,10,0.037422,0
3,192,1,11,0.135929,0
3,192,1,12,0.136188,0
3,192,1,13,0.183292,0
3,3,2,17,0.224572,0
3,3,2,20,0.09247,0
4,4,2,14,0.213068,0
4,4,2,15,0.169159,0
4,4,2,17,0.275866,0
4,4,2,20,0.15843,0
4,4,2,21,0.224566,0
5,5,2,14,0.153337,0
5,5,2,15,0.055327,0
5,5,2,17,0.216175,0
5,5,2,20,0.079048,0
5,5,2,21,0.182131,0
5,5,2,24,0.080225,0
1,8,2,14,0.148553,0
1,8,2,15,0.149045,0
1,8,2,16,0.024219,0
1,8,2,17,0.194218,0
1,8,2,18,0.103279,0
1,8,2,19,0.222322,0
1,8,2,20,0.058048,0
1,8,2,21,0.182573,0
1,8,2,22,0.216282,0
1,8,2,23,0.153617,0
1,8,2,24,0.131413,0
2,9,2,14,0.179634,0
2,9,2,15,0.18555,0
2,9,2,16,0.123791,0
2,9,2,17,0.283345,0
2,9,2,18,0.206419,0
2,9,2,19,0.275135,0
2,9,2,21,0.218464,0
2,9,2,22,0.225046,0
2,9,2,23,0.14853,0
2,9,2,24,0.18208,0
3,10,2,14,0.182429,0
3,10,2,15,0.081598,0
3,10,2,16,0.095416,0
3,10,2,17,0.169981,0
3,10,2,18,0.174825,0
3,10,2,19,0.172546,0
3,10,2,20,0.092563,0
3,10,2,21,0.162429,0
3,10,2,22,0.193202,0
3,10,2,23,0.081942,0
3,10,2,24,0.092934,0
4,11,2,14,0.113904,0
4,11,2,15,0.046893,0
4,11,2,16,0.128604,0
4,11,2,17,0.228773,0
4,11,2,18,0.128012,0
4,11,2,19,0.220745,0
4,11,2,20,0.09899,0
4,11,2,21,0.167914,0
4,11,2,22,0.154974,0
4,11,2,23,0.053272,0
4,11,2,24,0.117044,0
5,12,2,14,0.109226,0
5,12,2,15,0.006679,0
5,12,2,16,0.067102,0
5,12,2,17,0.162502,0
5,12,2,18,0.145812,0
5,12,2,19,0.184018,0
5,12,2,20,0.117791,0
5,12,2,21,0.178182,0
5,12,2,22,0.129257,0
5,12,2,23,0.083176,0
5,12,2,24,0.132122,0
1,15,2,14,0.082278,0
1,15,2,15,0.031708,0
1,15,2,16,0.174884,0
1,15,2,17,0.163315,0
1,15,2,18,0.141901,0
1,15,2,19,0.17109,0
1,15,2,20,0.120482,0
1,15,2,21,0.155416,0
1,15,2,22,0.15413,0
1,15,2,23,0.145312,0
1,15,2,24,0.115113,0
2,16,2,14,0.131295,0
2,16,2,15,0.022937,0
2,16,2,16,0.016984,0
2,16,2,17,0.187613,0
2,16,2,18,0.160498,0
2,16,2,19,0.177814,0
2,16,2,20,0.122085,0
2,16,2,21,0.189997,0
2,16,2,22,0.167714,0
2,16,2,23,0.133724,0
2,16,2,24,0.154895,0
3,17,2,14,0.129921,0
3,17,2,15,0.073516,0
3,17,2,16,0.054191,0
3,17,2,17,0.177849,0
3,17,2,18,0.123863,0
3,17,2,19,0.189056,0
3,17,2,20,0.09273,0
3,17,2,21,0.141472,0
3,17,2,22,0.151993,0
3,17,2,23,0.074904,0
3,17,2,24,0.132227,0
4,18,2,14,0.103764,0
4,18,2,15,0.124637,0
4,18,2,16,0.158431,0
4,18,2,17,0.139344,0
4,18,2,18,0.154606,0
4,18,2,19,0.146509,0
4,18,2,20,0.098323,0
4,18,2,21,0.123776,0
4,18,2,22,0.116038,0
4,18,2,23,0.140866,0
4,18,2,24,0.098961,0
5,19,2,14,0.12926,0
5,19,2,15,0.07304,0
5,19,2,16,0.233632,0
5,19,2,17,0.146489,0
5,19,2,18,0.204288,0
5,19,2,19,0.1454,0
5,19,2,20,0.094524,0
5,19,2,21,0.197603,0
5,19,2,22,0.182219,0
5,19,2,23,0.140099,0
5,19,2,24,0.114517,0
1,22,2,14,0.146934,0
1,22,2,15,0.095741,0
1,22,2,16,0.148082,0
1,22,2,17,0.124826,0
1,22,2,18,0.183445,0
1,22,2,19,0.15647,0
1,22,2,20,0.109451,0
1,22,2,21,0.177687,0
1,22,2,22,0.141243,0
1,22,2,23,0.230329,0
1,22,2,24,0.141851,0
2,23,2,14,0.162396,0
2,23,2,15,0.060093,0
2,23,2,16,0.031355,0
2,23,2,17,0.177117,0
2,23,2,18,0.20601,0
2,23,2,19,0.196988,0
2,23,2,20,0.128671,0
2,23,2,21,0.187422,0
2,23,2,22,0.222427,0
2,23,2,23,0.163765,0
2,23,2,24,0.147152,0
3,24,2,14,0.123954,0
3,24,2,15,0.022512,0
3,24,2,16,0.188338,0
3,24,2,17,0.176424,0
3,24,2,18,0.197481,0
3,24,2,19,0.195881,0
3,24,2,20,0.093028,0
3,24,2,21,0.160715,0
3,24,2,22,0.178896,0
3,24,2,23,0.175687,0
3,24,2,24,0.111807,0
4,25,2,14,0.125923,0
4,25,2,15,0.09045,0
4,25,2,16,0.161205,0
4,25,2,17,0.171739,0
4,25,2,18,0.193465,0
4,25,2,19,0.188681,0
4,25,2,20,0.122301,0
4,25,2,21,0.189674,0
4,25,2,22,0.18451,0
4,25,2,23,0.12121,0
4,25,2,24,0.159953,0
5,26,2,14,0.094452,0
5,26,2,15,0.057477,0
5,26,2,16,0.044208,0
5,26,2,17,0.143377,0
5,26,2,18,0.10639,0
5,26,2,19,0.165835,0
5,26,2,20,0.110843,0
5,26,2,21,0.10319,0
5,26,2,22,0.132865,0
5,26,2,23,0.103548,0
5,26,2,24,0.085825,0
1,29,2,14,0.120523,0
1,29,2,15,0.040998,0
1,29,2,16,0.191657,0
1,29,2,17,0.115592,0
1,29,2,18,0.166018,0
1,29,2,19,0.132406,0
1,29,2,20,0.060127,0
1,29,2,21,0.126962,0
1,29,2,22,0.156904,0
1,29,2,23,0.11318,0
1,29,2,24,0.076048,0
2,30,2,14,0.066308,0
2,30,2,15,0.017924,0
2,30,2,16,0.111796,0
2,30,2,17,0.167043,0
2,30,2,18,0.099833,0
2,30,2,19,0.157622,0
2,30,2,20,0.085145,0
2,30,2,21,0.137201,0
2,30,2,22,0.154188,0
2,30,2,23,0.098582,0
2,30,2,24,0.091014,0
3,31,2,14,0.099357,0
3,31,2,15,0.022672,0
3,31,2,16,0.079345,0
3,31,2,17,0.187741,0
3,31,2,18,0.155751,0
3,31,2,19,0.184683,0
3,31,2,20,0.073547,0
3,31,2,21,0.1725,0
3,31,2,22,0.192211,0
3,31,2,23,0.194784,0
3,31,2,24,0.132737,0
4,32,2,14,0.16437,0
4,32,2,15,0.115169,0
4,32,2,16,0.153995,0
4,32,2,17,0.061283,0
4,32,2,18,0.172835,0
4,32,2,19,0.045674,0
4,32,2,20,0.097382,0
4,32,2,21,0.16386,0
4,32,2,22,0.251358,0
4,32,2,23,0.144672,0
4,32,2,24,0.289422,0
5,33,2,14,0.114285,0
5,33,2,15,0.037836,0
5,33,2,16,0.034055,0
5,33,2,17,0.083182,0
5,33,2,18,0.12096,0
5,33,2,19,0.117968,0
5,33,2,20,0.090424,0
5,33,2,21,0.13665,0
5,33,2,22,0.188466,0
5,33,2,23,0.100544,0
5,33,2,24,0.167076,0
1,36,2,14,0.046526,0
1,36,2,15,0.040462,0
1,36,2,16,0.001985,0
1,36,2,17,0.125437,0
1,36,2,18,0.087058,0
1,36,2,19,0.113233,0
1,36,2,20,0.142982,0
1,36,2,21,0.127398,0
1,36,2,22,0.161816,0
1,36,2,23,0.103934,0
1,36,2,24,0.122534,0
2,37,2,14,0.04823,0
2,37,2,15,0.052736,0
2,37,2,16,0.217047,0
2,37,2,17,0.155498,0
2,37,2,18,0.134374,0
2,37,2,19,0.140488,0
2,37,2,20,0.111468,0
2,37,2,21,0.203713,0
2,37,2,22,0.169213,0
2,37,2,24,0.257486,0
3,38,2,14,0.101873,0
3,38,2,15,0.021232,0
3,38,2,16,0.015423,0
3,38,2,17,0.169646,0
3,38,2,18,0.131278,0
3,38,2,19,0.170696,0
3,38,2,20,0.129216,0
3,38,2,21,0.148112,0
3,38,2,22,0.180022,0
3,38,2,23,0.131259,0
3,38,2,24,0.200216,0
4,39,2,14,0.095254,0
4,39,2,15,0.065719,0
4,39,2,16,0.064775,0
4,39,2,17,0.143444,0
4,39,2,18,0.114047,0
4,39,2,19,0.134897,0
4,39,2,20,0.099181,0
4,39,2,21,0.153513,0
4,39,2,22,0.151203,0
4,39,2,23,0.110898,0
4,39,2,24,0.157837,0
5,40,2,14,0.102523,0
5,40,2,15,0.006312,0
5,40,2,16,0.01403,0
5,40,2,17,0.175367,0
5,40,2,18,0.151895,0
5,40,2,19,0.183461,0
5,40,2,20,0.083501,0
5,40,2,21,0.172606,0
5,40,2,22,0.10707,0
5,40,2,23,0.111928,0
5,40,2,24,0.151385,0
1,43,2,14,0.076941,0
1,43,2,15,0.014085,0
1,43,2,16,0.0617,0
1,43,2,17,0.110503,0
1,43,2,18,0.102673,0
1,43,2,19,0.124709,0
1,43,2,20,0.089627,0
1,43,2,21,0.125659,0
1,43,2,22,0.11542,0
1,43,2,23,0.126986,0
1,43,2,24,0.119477,0
2,44,2,14,0.091957,0
2,44,2,15,0.023125,0
2,44,2,16,0.060994,0
2,44,2,17,0.120438,0
2,44,2,18,0.096276,0
2,44,2,19,0.138164,0
2,44,2,20,0.098402,0
2,44,2,21,0.118878,0
2,44,2,22,0.18962,0
2,44,2,23,0.202417,0
2,44,2,24,0.161569,0
3,45,2,14,0.101048,0
3,45,2,15,0.043377,0
3,45,2,16,0.072432,0
3,45,2,17,0.117031,0
3,45,2,18,0.108456,0
3,45,2,19,0.130409,0
3,45,2,20,0.100703,0
3,45,2,21,0.168547,0
3,45,2,22,0.197597,0
3,45,2,23,0.261679,0
3,45,2,24,0.126197,0
4,46,2,14,0.114641,0
4,46,2,15,0.056647,0
4,46,2,16,0.20808,0
4,46,2,17,0.118016,0
4,46,2,18,0.185039,0
4,46,2,19,0.13777,0
4,46,2,20,0.095017,0
4,46,2,21,0.153622,0
4,46,2,22,0.157732,0
4,46,2,23,0.198641,0
4,46,2,24,0.124176,0
5,47,2,14,0.066171,0
5,47,2,15,0.079082,0
5,47,2,16,0.030305,0
5,47,2,17,0.074512,0
5,47,2,18,0.105305,0
5,47,2,19,0.083692,0
5,47,2,20,0.058049,0
5,47,2,21,0.129848,0
5,47,2,22,0.15,0
5,47,2,23,0.141578,0
5,47,2,24,0.090044,0
1,50,2,14,0.050517,0
1,50,2,15,0.00553,0
1,50,2,16,0.073434,0
1,50,2,17,0.088823,0
1,50,2,18,0.099028,0
1,50,2,19,0.112009,0
1,50,2,20,0.096897,0
1,50,2,21,0.114808,0
1,50,2,22,0.13811,0
1,50,2,23,0.166694,0
1,50,2,24,0.128356,0
2,51,2,14,0.134778,0
2,51,2,15,0.181398,0
2,51,2,16,0.176859,0
2,51,2,17,0.119017,0
2,51,2,18,0.130043,0
2,51,2,19,0.15896,0
2,51,2,20,0.089885,0
2,51,2,21,0.156055,0
2,51,2,22,0.163741,0
2,51,2,23,0.119383,0
2,51,2,24,0.100579,0
3,52,2,14,0.1166,0
3,52,2,15,0.168451,0
3,52,2,16,0.044951,0
3,52,2,17,0.101631,0
3,52,2,18,0.115864,0
3,52,2,19,0.119797,0
3,52,2,20,0.140739,0
3,52,2,21,0.132726,0
3,52,2,22,0.191583,0
3,52,2,23,0.217441,0
3,52,2,24,0.134818,0
4,53,2,14,0.055658,0
4,53,2,15,0.024607,0
4,53,2,16,0.185656,0
4,53,2,17,0.070545,0
4,53,2,18,0.107562,0
4,53,2,19,0.089973,0
4,53,2,20,0.131861,0
4,53,2,21,0.131302,0
4,53,2,22,0.146869,0
4,53,2,23,0.131011,0
4,53,2,24,0.164133,0
5,54,2,14,0.130083,0
5,54,2,15,0.03888,0
5,54,2,16,0.112263,0
5,54,2,17,0.136787,0
5,54,2,18,0.155196,0
5,54,2,19,0.153248,0
5,54,2,20,0.107814,0
5,54,2,21,0.165868,0
5,54,2,22,0.165785,0
5,54,2,23,0.18796,0
5,54,2,24,0.140536,0
1,57,2,14,0.115132,0
1,57,2,15,0.007491,0
1,57,2,16,0.004493,0
1,57,2,17,0.089589,0
1,57,2,18,0.143748,0
1,57,2,19,0.112056,0
1,57,2,20,0.118845,0
1,57,2,21,0.163569,0
1,57,2,22,0.161781,0
1,57,2,23,0.124108,0
1,57,2,24,0.214042,0
2,58,2,14,0.0608,0
2,58,2,15,0.001698,0
2,58,2,16,0.043581,0
2,58,2,17,0.098739,0
2,58,2,18,0.107439,0
2,58,2,19,0.108631,0
2,58,2,20,0.099004,0
2,58,2,21,0.133677,0
2,58,2,22,0.13399,0
2,58,2,23,0.162455,0
2,58,2,24,0.153684,0
3,59,2,14,0.083385,0
3,59,2,15,0.024733,0
3,59,2,16,0.069793,0
3,59,2,17,0.023555,0
3,59,2,18,0.11887,0
3,59,2,19,0.039263,0
3,59,2,20,0.091811,0
3,59,2,21,0.124573,0
3,59,2,22,0.152377,0
3,59,2,23,0.134873,0
3,59,2,24,0.092378,0
4,60,2,14,0.128423,0
4,60,2,15,0.027715,0
4,60,2,16,0.148273,0
4,60,2,17,0.055533,0
4,60,2,18,0.142307,0
4,60,2,19,0.056578,0
4,60,2,20,0.142189,0
4,60,2,21,0.139593,0
4,60,2,22,0.141605,0
4,60,2,23,0.15425,0
4,60,2,24,0.16614,0
5,61,2,14,0.082527,0
5,61,2,15,0.018183,0
5,61,2,16,0.118572,0
5,61,2,17,0.064419,0
5,61,2,18,0.125898,0
5,61,2,19,0.08934,0
5,61,2,20,0.125206,0
5,61,2,21,0.167418,0
5,61,2,22,0.142,0
5,61,2,23,0.118336,0
5,61,2,24,0.135696,0
1,64,2,14,0.093708,0
1,64,2,15,0.031416,0
1,64,2,16,0.034965,0
1,64,2,17,0.100718,0
1,64,2,18,0.147004,0
1,64,2,19,0.118255,0
1,64,2,20,0.065802,0
1,64,2,21,0.158053,0
1,64,2,22,0.099562,0
1,64,2,23,0.077107,0
1,64,2,24,0.163316,0
2,65,2,14,0.095886,0
2,65,2,15,0.037922,0
2,65,2,16,0.212436,0
2,65,2,17,0.095284,0
2,65,2,18,0.137852,0
2,65,2,19,0.104407,0
2,65,2,20,0.069731,0
2,65,2,21,0.112814,0
2,65,2,22,0.145478,0
2,65,2,23,0.109227,0
2,65,2,24,0.105239,0
3,66,2,14,0.09475,0
3,66,2,15,0.029271,0
3,66,2,16,0.226002,0
3,66,2,17,0.075395,0
3,66,2,18,0.155573,0
3,66,2,19,0.074067,0
3,66,2,20,0.068871,0
3,66,2,21,0.130113,0
3,66,2,22,0.179199,0
3,66,2,23,0.088729,0
3,66,2,24,0.15022,0
4,67,2,14,0.0911,0
4,67,2,15,0.104699,0
4,67,2,16,0.140799,0
4,67,2,17,0.109728,0
4,67,2,18,0.130019,0
4,67,2,19,0.121507,0
4,67,2,20,0.113757,0
4,67,2,21,0.158163,0
4,67,2,22,0.137076,0
4,67,2,23,0.061379,0
4,67,2,24,0.136484,0
5,68,2,14,0.116817,0
5,68,2,15,0.02091,0
5,68,2,16,0.193509,0
5,68,2,17,0.137769,0
5,68,2,18,0.158763,0
5,68,2,19,0.148479,0
5,68,2,20,0.081361,0
5,68,2,21,0.141696,0
5,68,2,22,0.169226,0
5,68,2,23,0.127238,0
5,68,2,24,0.119154,0
1,71,2,14,0.158643,0
1,71,2,15,0.048769,0
1,71,2,16,0.246829,0
1,71,2,17,0.155905,0
1,71,2,18,0.206306,0
1,71,2,19,0.182022,0
1,71,2,20,0.104503,0
1,71,2,21,0.223762,0
1,71,2,22,0.202319,0
1,71,2,23,0.140145,0
1,71,2,24,0.156523,0
2,72,2,14,0.197857,0
2,72,2,15,0.145026,0
2,72,2,16,0.228117,0
2,72,2,17,0.118255,0
2,72,2,18,0.230742,0
2,72,2,19,0.139621,0
2,72,2,20,0.118123,0
2,72,2,21,0.21626,0
2,72,2,22,0.173791,0
2,72,2,23,0.176878,0
2,72,2,24,0.197005,0
3,73,2,14,0.162585,0
3,73,2,15,0.108364,0
3,73,2,16,0.190775,0
3,73,2,17,0.07322,0
3,73,2,18,0.191972,0
3,73,2,19,0.09055,0
3,73,2,20,0.093721,0
3,73,2,21,0.168129,0
3,73,2,22,0.157984,0
3,73,2,23,0.118494,0
3,73,2,24,0.15837,0
4,74,2,14,0.121142,0
4,74,2,15,0.056041,0
4,74,2,16,0.040398,0
4,74,2,17,0.085212,0
4,74,2,18,0.127901,0
4,74,2,19,0.110573,0
4,74,2,20,0.085999,0
4,74,2,21,0.150566,0
4,74,2,22,0.113705,0
4,74,2,23,0.172408,0
4,74,2,24,0.152382,0
5,75,2,14,0.057231,0
5,75,2,15,0.052804,0
5,75,2,16,0.0963,0
5,75,2,17,0.096781,0
5,75,2,18,0.113909,0
5,75,2,19,0.108924,0
5,75,2,20,0.082153,0
5,75,2,21,0.130158,0
5,75,2,22,0.123256,0
5,75,2,23,0.121359,0
5,75,2,24,0.140712,0
1,78,2,14,0.246007,0
1,78,2,15,0.012438,0
1,78,2,16,0.259548,0
1,78,2,17,0.074894,0
1,78,2,18,0.207973,0
1,78,2,19,0.07765,0
1,78,2,20,0.111394,0
1,78,2,21,0.171155,0
1,78,2,22,0.132185,0
1,78,2,23,0.077483,0
1,78,2,24,0.107404,0
2,79,2,14,0.153872,0
2,79,2,15,0.029697,0
2,79,2,16,0.216676,0
2,79,2,17,0.119848,0
2,79,2,18,0.192764,0
2,79,2,19,0.119965,0
2,79,2,20,0.119984,0
2,79,2,21,0.208941,0
2,79,2,22,0.190283,0
2,79,2,23,0.179273,0
2,79,2,24,0.212376,0
3,80,2,14,0.120823,0
3,80,2,15,0.006761,0
3,80,2,16,0.180626,0
3,80,2,17,0.079054,0
3,80,2,18,0.177253,0
3,80,2,19,0.094185,0
3,80,2,20,0.086185,0
3,80,2,21,0.178674,0
3,80,2,22,0.172548,0
3,80,2,23,0.174731,0
3,80,2,24,0.156583,0
4,81,2,14,0.090439,0
4,81,2,15,0.077766,0
4,81,2,16,0.044929,0
4,81,2,17,0.079219,0
4,81,2,18,0.11542,0
4,81,2,19,0.09644,0
4,81,2,20,0.080075,0
4,81,2,21,0.096417,0
4,81,2,22,0.116109,0
4,81,2,23,0.105415,0
4,81,2,24,0.10003,0
5,82,2,14,0.05824,0
5,82,2,15,0.018516,0
5,82,2,16,0.114678,0
5,82,2,17,0.079091,0
5,82,2,18,0.062196,0
5,82,2,19,0.081553,0
5,82,2,20,0.059556,0
5,82,2,21,0.075349,0
5,82,2,22,0.158835,0
5,82,2,23,0.187315,0
5,82,2,24,0.101573,0
1,85,2,14,0.066859,0
1,85,2,15,0.018078,0
1,85,2,17,0.028275,0
1,85,2,18,0.09038,0
1,85,2,19,0.038794,0
1,85,2,20,0.078345,0
1,85,2,21,0.078904,0
1,85,2,22,0.176142,0
1,85,2,23,0.112482,0
1,85,2,24,0.088354,0
2,86,2,14,0.090315,0
2,86,2,15,0.04308,0
2,86,2,16,0.041352,0
2,86,2,17,0.060538,0
2,86,2,18,0.085177,0
2,86,2,19,0.050009,0
2,86,2,20,0.080681,0
2,86,2,21,0.077413,0
2,86,2,22,0.135842,0
2,86,2,23,0.112726,0
2,86,2,24,0.10779,0
3,87,2,14,0.069723,0
3,87,2,15,0.049353,0
3,87,2,16,0.010296,0
3,87,2,17,0.091222,0
3,87,2,18,0.066411,0
3,87,2,19,0.088374,0
3,87,2,20,0.037209,0
3,87,2,21,0.126931,0
3,87,2,22,0.165043,0
3,87,2,23,0.095146,0
3,87,2,24,0.117464,0
4,88,2,14,0.020378,0
4,88,2,15,0.011869,0
4,88,2,16,0.017036,0
4,88,2,17,0.061419,0
4,88,2,18,0.031336,0
4,88,2,19,0.078499,0
4,88,2,20,0.079141,0
4,88,2,21,0.082485,0
4,88,2,22,0.181495,0
4,88,2,23,0.164324,0
4,88,2,24,0.108758,0
5,89,2,14,0.027683,1
5,89,2,15,0.025438,1
5,89,2,16,0.025549,1
5,89,2,17,0.03467,1
5,89,2,18,0.043379,1
5,89,2,19,0.050729,1
5,89,2,20,0.051401,1
5,89,2,21,0.113623,1
5,89,2,22,0.143571,1
5,89,2,23,0.134226,1
5,89,2,24,0.070164,1
1,92,2,14,0.08983,1
1,92,2,15,0.003073,1
1,92,2,16,0.046106,1
1,92,2,17,0.058909,1
1,92,2,18,0.107097,1
1,92,2,19,0.060708,1
1,92,2,20,0.097364,1
1,92,2,21,0.125007,1
1,92,2,22,0.120396,1
1,92,2,23,0.140853,1
1,92,2,24,0.112922,1
2,93,2,14,0.16056,1
2,93,2,15,0.181519,1
2,93,2,16,0.041194,1
2,93,2,17,0.08636,1
2,93,2,18,0.173907,1
2,93,2,19,0.106364,1
2,93,2,20,0.115964,1
2,93,2,21,0.161943,1
2,93,2,22,0.145587,1
2,93,2,23,0.11113,1
2,93,2,24,0.122258,1
3,94,2,14,0.045936,1
3,94,2,15,0.021435,1
3,94,2,16,0.16097,1
3,94,2,17,0.056684,1
3,94,2,18,0.121462,1
3,94,2,19,0.079815,1
3,94,2,20,0.070836,1
3,94,2,21,0.121742,1
3,94,2,22,0.122603,1
3,94,2,23,0.076349,1
3,94,2,24,0.052768,1
4,95,2,14,0.084434,1
4,95,2,15,0.160339,1
4,95,2,16,0.007779,1
4,95,2,17,0.076688,1
4,95,2,18,0.065795,1
4,95,2,19,0.075846,1
4,95,2,20,0.067703,1
4,95,2,21,0.111865,1
4,95,2,22,0.112661,1
4,95,2,23,0.093607,1
4,95,2,24,0.092618,1
5,96,2,14,0.042625,1
5,96,2,15,0.022894,1
5,96,2,16,0.040095,1
5,96,2,17,0.04949,1
5,96,2,18,0.04375,1
5,96,2,19,0.065281,1
5,96,2,20,0.052212,1
5,96,2,21,0.069996,1
5,96,2,22,0.10883,1
5,96,2,23,0.120031,1
5,96,2,24,0.092205,1
1,99,2,14,0.069355,1
1,99,2,15,0.156946,1
1,99,2,16,0.137437,1
1,99,2,17,0.049807,1
1,99,2,18,0.104885,1
1,99,2,19,0.058637,1
1,99,2,20,0.070875,1
1,99,2,21,0.098404,1
1,99,2,22,0.075017,1
1,99,2,23,0.067254,1
1,99,2,24,0.077165,1
2,100,2,14,0.095953,1
2,100,2,15,0.094797,1
2,100,2,16,0.040822,1
2,100,2,17,0.0616,1
2,100,2,18,0.085822,1
2,100,2,19,0.069292,1
2,100,2,20,0.056067,1
2,100,2,21,0.137776,1
2,100,2,22,0.137864,1
2,100,2,23,0.142429,1
2,100,2,24,0.155148,1
3,101,2,14,0.180321,1
3,101,2,15,0.207462,1
3,101,2,16,0.176598,1
3,101,2,17,0.0612,1
3,101,2,18,0.169063,1
3,101,2,19,0.07606,1
3,101,2,20,0.104785,1
3,101,2,21,0.119637,1
3,101,2,22,0.166959,1
3,101,2,23,0.149925,1
3,101,2,24,0.113492,1
4,102,2,14,0.123,1
4,102,2,15,0.172793,1
4,102,2,16,0.112679,1
4,102,2,17,0.071107,1
4,102,2,18,0.121679,1
4,102,2,19,0.098741,1
4,102,2,20,0.095198,1
4,102,2,21,0.119662,1
4,102,2,22,0.176012,1
4,102,2,23,0.137969,1
4,102,2,24,0.088052,1
5,103,2,14,0.174185,1
5,103,2,15,0.060141,1
5,103,2,16,0.086217,1
5,103,2,17,0.098045,1
5,103,2,18,0.175408,1
5,103,2,19,0.129083,1
5,103,2,20,0.103211,1
5,103,2,21,0.145188,1
5,103,2,22,0.185165,1
5,103,2,23,0.167168,1
5,103,2,24,0.125258,1
1,106,2,14,0.100932,1
1,106,2,15,0.035681,1
1,106,2,16,0.29509,1
1,106,2,17,0.098692,1
1,106,2,18,0.152993,1
1,106,2,19,0.108498,1
1,106,2,20,0.139254,1
1,106,2,21,0.153808,1
1,106,2,22,0.172273,1
1,106,2,23,0.128952,1
1,106,2,24,0.103192,1
2,107,2,14,0.145522,1
2,107,2,15,0.034771,1
2,107,2,16,0.173026,1
2,107,2,17,0.074509,1
2,107,2,18,0.166891,1
2,107,2,19,0.078773,1
2,107,2,20,0.140366,1
2,107,2,21,0.138454,1
2,107,2,22,0.231516,1
2,107,2,23,0.183899,1
2,107,2,24,0.17888,1
3,108,2,14,0.09824,1
3,108,2,15,0.050078,1
3,108,2,16,0.030814,1
3,108,2,17,0.083091,1
3,108,2,18,0.131944,1
3,108,2,19,0.072736,1
3,108,2,20,0.086663,1
3,108,2,21,0.105664,1
3,108,2,22,0.175381,1
3,108,2,23,0.123772,1
3,108,2,24,0.109497,1
4,109,2,14,0.091661,1
4,109,2,15,0.050844,1
4,109,2,16,0.080838,1
4,109,2,17,0.070407,1
4,109,2,18,0.142714,1
4,109,2,19,0.079859,1
4,109,2,20,0.065766,1
4,109,2,21,0.087023,1
4,109,2,22,0.187263,1
4,109,2,23,0.178864,1
4,109,2,24,0.108861,1
5,110,2,14,0.108653,1
5,110,2,15,0.017684,1
5,110,2,16,0.156838,1
5,110,2,17,0.125886,1
5,110,2,18,0.11557,1
5,110,2,19,0.157723,1
5,110,2,20,0.107232,1
5,110,2,21,0.145075,1
5,110,2,22,0.17875,1
5,110,2,23,0.179887,1
5,110,2,24,0.102482,1
1,113,2,14,0.146916,1
1,113,2,15,0.130677,1
1,113,2,16,0.269633,1
1,113,2,17,0.169846,1
1,113,2,18,0.202297,1
1,113,2,19,0.171491,1
1,113,2,20,0.091647,1
1,113,2,21,0.145458,1
1,113,2,22,0.222526,1
1,113,2,23,0.160585,1
1,113,2,24,0.137744,1
2,114,2,14,0.150173,1
2,114,2,15,0.23264,1
2,114,2,16,0.225431,1
2,114,2,17,0.160891,1
2,114,2,18,0.155913,1
2,114,2,19,0.172208,1
2,114,2,20,0.09138,1
2,114,2,21,0.144168,1
2,114,2,22,0.202793,1
2,114,2,23,0.223079,1
2,114,2,24,0.159415,1
3,115,2,14,0.176477,1
3,115,2,15,0.175396,1
3,115,2,17,0.1563,1
3,115,2,18,0.157695,1
3,115,2,19,0.179173,1
3,115,2,20,0.092619,1
3,115,2,21,0.173699,1
3,115,2,22,0.237378,1
3,115,2,23,0.304553,1
3,115,2,24,0.144118,1
4,116,2,14,0.13805,1
4,116,2,15,0.116614,1
4,116,2,16,0.054502,1
4,116,2,17,0.175837,1
4,116,2,18,0.134401,1
4,116,2,19,0.180883,1
4,116,2,20,0.132758,1
4,116,2,21,0.1275,1
4,116,2,22,0.210932,1
4,116,2,23,0.213145,1
4,116,2,24,0.144227,1
5,117,2,14,0.127028,1
5,117,2,15,0.085809,1
5,117,2,16,0.229284,1
5,117,2,17,0.102871,1
5,117,2,18,0.122669,1
5,117,2,19,0.103471,1
5,117,2,20,0.148533,1
5,117,2,21,0.105968,1
5,117,2,22,0.17038,1
5,117,2,23,0.118174,1
5,117,2,24,0.106608,1
1,120,2,14,0.096418,1
1,120,2,15,0.186916,1
1,120,2,16,0.028531,1
1,120,2,17,0.121368,1
1,120,2,18,0.093299,1
1,120,2,19,0.110422,1
1,120,2,20,0.092753,1
1,120,2,21,0.066973,1
1,120,2,22,0.11781,1
1,120,2,23,0.071994,1
1,120,2,24,0.059607,1
2,121,2,14,0.114559,1
2,121,2,15,0.109824,1
2,121,2,16,0.118759,1
2,121,2,17,0.119372,1
2,121,2,18,0.122595,1
2,121,2,19,0.123648,1
2,121,2,20,0.080904,1
2,121,2,21,0.096948,1
2,121,2,22,0.117915,1
2,121,2,23,0.185303,1
2,121,2,24,0.100479,1
3,122,2,14,0.098268,1
3,122,2,15,0.081642,1
3,122,2,16,0.078809,1
3,122,2,17,0.132112,1
3,122,2,18,0.111098,1
3,122,2,19,0.123445,1
3,122,2,20,0.091204,1
3,122,2,21,0.103311,1
3,122,2,22,0.138514,1
3,122,2,23,0.105838,1
3,122,2,24,0.076259,1
4,123,2,14,0.148376,1
4,123,2,15,0.107955,1
4,123,2,16,0.222927,1
4,123,2,17,0.143348,1
4,123,2,18,0.147489,1
4,123,2,19,0.134787,1
4,123,2,20,0.149646,1
4,123,2,21,0.127908,1
4,123,2,22,0.172722,1
4,123,2,23,0.173022,1
4,123,2,24,0.130587,1
5,124,2,14,0.183241,1
5,124,2,15,0.140737,1
5,124,2,16,0.242425,1
5,124,2,17,0.143044,1
5,124,2,18,0.191714,1
5,124,2,19,0.147946,1
5,124,2,20,0.111681,1
5,124,2,21,0.099987,1
5,124,2,22,0.168118,1
5,124,2,23,0.147755,1
5,124,2,24,0.089492,1
1,127,2,14,0.037334,1
1,127,2,15,0.167848,1
1,127,2,16,0.092004,1
1,127,2,17,0.141497,1
1,127,2,18,0.038308,1
1,127,2,19,0.132108,1
1,127,2,20,0.080002,1
1,127,2,21,0.112865,1
1,127,2,22,0.197983,1
1,127,2,23,0.249761,1
1,127,2,24,0.100631,1
2,128,2,14,0.029072,1
2,128,2,15,0.056509,1
2,128,2,16,0.095352,1
2,128,2,17,0.161136,1
2,128,2,18,0.064371,1
2,128,2,19,0.156275,1
2,128,2,20,0.090038,1
2,128,2,21,0.094436,1
2,128,2,22,0.185287,1
2,128,2,23,0.174552,1
2,128,2,24,0.166022,1
3,129,2,14,0.095201,1
3,129,2,15,0.007558,1
3,129,2,16,0.068488,1
3,129,2,17,0.125709,1
3,129,2,18,0.128185,1
3,129,2,19,0.14732,1
3,129,2,20,0.096059,1
3,129,2,21,0.139544,1
3,129,2,22,0.199533,1
3,129,2,23,0.234616,1
3,129,2,24,0.116381,1
4,130,2,14,0.091896,1
4,130,2,15,0.038635,1
4,130,2,16,0.139406,1
4,130,2,17,0.208287,1
4,130,2,18,0.156755,1
4,130,2,19,0.203578,1
4,130,2,20,0.131197,1
4,130,2,21,0.122721,1
4,130,2,22,0.225211,1
4,130,2,23,0.216995,1
4,130,2,24,0.158896,1
5,131,2,14,0.074093,1
5,131,2,15,0.021911,1
5,131,2,16,0.190032,1
5,131,2,17,0.167018,1
5,131,2,18,0.142452,1
5,131,2,19,0.166345,1
5,131,2,20,0.12996,1
5,131,2,21,0.116704,1
5,131,2,22,0.204598,1
5,131,2,23,0.083497,1
5,131,2,24,0.177612,1
1,134,2,14,0.119058,1
1,134,2,15,0.018714,1
1,134,2,16,0.06174,1
1,134,2,17,0.167178,1
1,134,2,18,0.151234,1
1,134,2,19,0.15871,1
1,134,2,20,0.0945,1
1,134,2,21,0.169993,1
1,134,2,22,0.235772,1
1,134,2,23,0.159815,1
1,134,2,24,0.109909,1
2,135,2,14,0.096791,1
2,135,2,15,0.031696,1
2,135,2,16,0.106592,1
2,135,2,17,0.221035,1
2,135,2,18,0.113646,1
2,135,2,19,0.228263,1
2,135,2,20,0.112034,1
2,135,2,21,0.172765,1
2,135,2,22,0.230084,1
2,135,2,23,0.136938,1
2,135,2,24,0.141422,1
3,136,2,14,0.089232,1
3,136,2,15,0.168072,1
3,136,2,16,0.238095,1
3,136,2,17,0.176043,1
3,136,2,18,0.158563,1
3,136,2,19,0.179809,1
3,136,2,20,0.155984,1
3,136,2,21,0.124462,1
3,136,2,22,0.22365,1
3,136,2,23,0.208129,1
3,136,2,24,0.124297,1
4,137,2,14,0.059983,1
4,137,2,15,0.016432,1
4,137,2,16,0.154077,1
4,137,2,17,0.207753,1
4,137,2,18,0.119921,1
4,137,2,19,0.201218,1
4,137,2,20,0.15488,1
4,137,2,21,0.169838,1
4,137,2,22,0.228932,1
4,137,2,23,0.118526,1
4,137,2,24,0.257435,1
5,138,2,14,0.072464,1
5,138,2,15,0.092656,1
5,138,2,16,0.12786,1
5,138,2,17,0.246253,1
5,138,2,18,0.10845,1
5,138,2,19,0.221378,1
5,138,2,20,0.195996,1
5,138,2,21,0.153947,1
5,138,2,22,0.205331,1
5,138,2,23,0.205052,1
5,138,2,24,0.119461,1
1,141,2,14,0.170688,1
1,141,2,15,0.02538,1
1,141,2,16,0.247272,1
1,141,2,17,0.184056,1
1,141,2,18,0.207854,1
1,141,2,19,0.184367,1
1,141,2,20,0.14831,1
1,141,2,21,0.176662,1
1,141,2,22,0.227405,1
1,141,2,23,0.089969,1
1,141,2,24,0.160013,1
2,142,2,14,0.096533,1
2,142,2,15,0.053801,1
2,142,2,16,0.234298,1
2,142,2,17,0.208492,1
2,142,2,18,0.178374,1
2,142,2,19,0.205333,1
2,142,2,20,0.140276,1
2,142,2,21,0.116727,1
2,142,2,22,0.189019,1
2,142,2,24,0.104581,1
3,143,2,14,0.138466,1
3,143,2,15,0.089654,1
3,143,2,16,0.106332,1
3,143,2,17,0.189954,1
3,143,2,18,0.191156,1
3,143,2,19,0.22263,1
3,143,2,20,0.14488,1
3,143,2,21,0.165004,1
3,143,2,22,0.165039,1
3,143,2,24,0.105997,1
4,144,2,14,0.197109,1
4,144,2,15,0.132882,1
4,144,2,16,0.193175,1
4,144,2,17,0.185558,1
4,144,2,18,0.194716,1
4,144,2,19,0.205037,1
4,144,2,20,0.138692,1
4,144,2,21,0.133994,1
4,144,2,22,0.196346,1
4,144,2,23,0.368061,1
4,144,2,24,0.196245,1
5,145,2,14,0.179682,1
5,145,2,15,0.179108,1
5,145,2,16,0.107458,1
5,145,2,17,0.158376,1
5,145,2,18,0.189114,1
5,145,2,19,0.156412,1
5,145,2,20,0.133313,1
5,145,2,21,0.11775,1
5,145,2,22,0.158707,1
5,145,2,24,0.15332,1
1,148,2,14,0.185771,1
1,148,2,15,0.174539,1
1,148,2,16,0.051664,1
1,148,2,17,0.208092,1
1,148,2,18,0.241879,1
1,148,2,19,0.198521,1
1,148,2,20,0.116119,1
1,148,2,21,0.131084,1
1,148,2,22,0.19455,1
1,148,2,23,0.213301,1
1,148,2,24,0.127799,1
2,149,2,14,0.134023,1
2,149,2,15,0.153943,1
2,149,2,16,0.094124,1
2,149,2,17,0.172328,1
2,149,2,18,0.144328,1
2,149,2,19,0.20117,1
2,149,2,20,0.13723,1
2,149,2,21,0.138304,1
2,149,2,22,0.233335,1
2,149,2,23,0.007606,1
2,149,2,24,0.068188,1
3,150,2,14,0.136065,1
3,150,2,15,0.226763,1
3,150,2,16,0.160137,1
3,150,2,17,0.154329,1
3,150,2,18,0.144355,1
3,150,2,19,0.151833,1
3,150,2,20,0.136487,1
3,150,2,21,0.155955,1
3,150,2,22,0.238291,1
3,150,2,23,0.032369,1
3,150,2,24,0.062747,1
4,151,2,14,0.140326,1
4,151,2,15,0.218402,1
4,151,2,16,0.116133,1
4,151,2,17,0.148373,1
4,151,2,18,0.162415,1
4,151,2,19,0.15582,1
4,151,2,20,0.094678,1
4,151,2,21,0.158085,1
4,151,2,22,0.220057,1
4,151,2,23,0.2123,1
4,151,2,24,0.206443,1
5,152,2,14,0.168638,1
5,152,2,15,0.21087,1
5,152,2,16,0.143804,1
5,152,2,17,0.201586,1
5,152,2,18,0.180142,1
5,152,2,19,0.172776,1
5,152,2,20,0.188986,1
5,152,2,21,0.152996,1
5,152,2,22,0.255069,1
5,152,2,23,0.207136,1
5,152,2,24,0.180593,1
1,155,2,14,0.143689,1
1,155,2,15,0.053654,1
1,155,2,16,0.120986,1
1,155,2,17,0.159638,1
1,155,2,18,0.139243,1
1,155,2,19,0.160862,1
1,155,2,20,0.06913,1
1,155,2,21,0.118928,1
1,155,2,22,0.221824,1
1,155,2,23,0.174843,1
1,155,2,24,0.138387,1
2,156,2,14,0.166405,1
2,156,2,16,0.115656,1
2,156,2,17,0.167855,1
2,156,2,18,0.156715,1
2,156,2,19,0.16343,1
2,156,2,20,0.126948,1
2,156,2,21,0.155918,1
2,156,2,22,0.185256,1
2,156,2,23,0.316865,1
2,156,2,24,0.228902,1
3,157,2,14,0.161052,1
3,157,2,15,0.031963,1
3,157,2,16,0.231745,1
3,157,2,17,0.227312,1
3,157,2,18,0.240564,1
3,157,2,19,0.224359,1
3,157,2,20,0.15784,1
3,157,2,21,0.14299,1
3,157,2,22,0.29367,1
3,157,2,23,0.22953,1
3,157,2,24,0.162226,1
4,158,2,14,0.108536,1
4,158,2,15,0.024464,1
4,158,2,16,0.194654,1
4,158,2,17,0.170882,1
4,158,2,18,0.147285,1
4,158,2,19,0.158192,1
4,158,2,20,0.135064,1
4,158,2,21,0.144155,1
4,158,2,22,0.160356,1
4,158,2,23,0.178161,1
4,158,2,24,0.163713,1
5,159,2,14,0.143216,1
5,159,2,15,0.138455,1
5,159,2,16,0.032931,1
5,159,2,17,0.204641,1
5,159,2,18,0.189372,1
5,159,2,19,0.235354,1
5,159,2,20,0.147579,1
5,159,2,21,0.164076,1
5,159,2,22,0.196237,1
5,159,2,23,0.134781,1
5,159,2,24,0.21378,1
1,162,2,14,0.148189,1
1,162,2,15,0.081626,1
1,162,2,16,0.170373,1
1,162,2,17,0.168194,1
1,162,2,18,0.171739,1
1,162,2,19,0.174771,1
1,162,2,20,0.13318,1
1,162,2,21,0.176182,1
1,162,2,22,0.184177,1
1,162,2,23,0.18049,1
1,162,2,24,0.204889,1
2,163,2,14,0.180925,1
2,163,2,15,0.040549,1
2,163,2,17,0.199952,1
2,163,2,18,0.169696,1
2,163,2,19,0.199616,1
2,163,2,20,0.140711,1
2,163,2,21,0.196087,1
2,163,2,22,0.197581,1
2,163,2,23,0.200455,1
2,163,2,24,0.205713,1
3,164,2,14,0.100805,1
3,164,2,15,0.021153,1
3,164,2,16,0.040601,1
3,164,2,17,0.127044,1
3,164,2,18,0.110534,1
3,164,2,19,0.180704,1
3,164,2,20,0.093955,1
3,164,2,21,0.144858,1
3,164,2,22,0.184078,1
3,164,2,23,0.243992,1
3,164,2,24,0.129957,1
4,165,2,14,0.118513,1
4,165,2,15,0.159373,1
4,165,2,16,0.066662,1
4,165,2,17,0.191372,1
4,165,2,18,0.131745,1
4,165,2,19,0.192462,1
4,165,2,20,0.110416,1
4,165,2,21,0.178055,1
4,165,2,22,0.146126,1
4,165,2,23,0.193703,1
4,165,2,24,0.155292,1
5,166,2,14,0.158731,1
5,166,2,15,0.108943,1
5,166,2,16,0.166493,1
5,166,2,17,0.212502,1
5,166,2,18,0.134149,1
5,166,2,19,0.203445,1
5,166,2,20,0.132302,1
5,166,2,21,0.16014,1
5,166,2,22,0.136459,1
5,166,2,23,0.182287,1
5,166,2,24,0.125886,1
1,169,2,14,0.13655,1
1,169,2,15,0.092436,1
1,169,2,16,0.253234,1
1,169,2,17,0.19484,1
1,169,2,18,0.19624,1
1,169,2,19,0.170683,1
1,169,2,20,0.105286,1
1,169,2,21,0.177801,1
1,169,2,22,0.125198,1
1,169,2,23,0.275003,1
1,169,2,24,0.142635,1
2,170,2,14,0.140788,1
2,170,2,15,0.042013,1
2,170,2,16,0.057154,1
2,170,2,17,0.154627,1
2,170,2,18,0.151857,1
2,170,2,19,0.18233,1
2,170,2,20,0.135791,1
2,170,2,21,0.150446,1
2,170,2,22,0.171371,1
2,170,2,23,0.231387,1
2,170,2,24,0.156902,1
3,171,2,14,0.098802,1
3,171,2,15,0.031154,1
3,171,2,16,0.127759,1
3,171,2,17,0.189111,1
3,171,2,18,0.164191,1
3,171,2,19,0.194148,1
3,171,2,20,0.123959,1
3,171,2,21,0.147057,1
3,171,2,22,0.196847,1
3,171,2,23,0.194805,1
3,171,2,24,0.169705,1
4,172,2,14,0.128919,1
4,172,2,15,0.087171,1
4,172,2,16,0.00183,1
4,172,2,17,0.145762,1
4,172,2,18,0.112112,1
4,172,2,19,0.142198,1
4,172,2,20,0.081894,1
4,172,2,21,0.098127,1
4,172,2,22,0.120898,1
4,172,2,23,0.135487,1
4,172,2,24,0.067255,1
5,173,2,14,0.107599,1
5,173,2,15,0.001641,1
5,173,2,16,0.067453,1
5,173,2,17,0.109721,1
5,173,2,18,0.135756,1
5,173,2,19,0.106592,1
5,173,2,20,0.08583,1
5,173,2,21,0.106993,1
5,173,2,22,0.10523,1
5,173,2,24,0.054329,1
1,176,2,14,0.163528,1
1,176,2,15,0.056684,1
1,176,2,16,0.084308,1
1,176,2,17,0.16112,1
1,176,2,18,0.181646,1
1,176,2,19,0.173069,1
1,176,2,20,0.098838,1
1,176,2,21,0.176232,1
1,176,2,22,0.159987,1
1,176,2,23,0.246448,1
1,176,2,24,0.144178,1
2,177,2,14,0.160156,1
2,177,2,15,0.142562,1
2,177,2,16,0.109295,1
2,177,2,17,0.194441,1
2,177,2,18,0.178885,1
2,177,2,19,0.208954,1
2,177,2,20,0.169605,1
2,177,2,21,0.16527,1
2,177,2,22,0.169693,1
2,177,2,23,0.18049,1
2,177,2,24,0.158655,1
3,178,2,14,0.263654,1
3,178,2,15,0.17255,1
3,178,2,16,0.228188,1
3,178,2,17,0.192176,1
3,178,2,18,0.257896,1
3,178,2,19,0.225981,1
3,178,2,20,0.172224,1
3,178,2,21,0.123307,1
3,178,2,22,0.182105,1
3,178,2,23,0.264303,1
3,178,2,24,0.178262,1
4,179,2,14,0.176793,1
4,179,2,15,0.160136,1
4,179,2,16,0.307141,1
4,179,2,17,0.251643,1
4,179,2,18,0.233956,1
4,179,2,19,0.256101,1
4,179,2,20,0.216003,1
4,179,2,21,0.146145,1
4,179,2,22,0.319954,1
4,179,2,23,0.219608,1
4,179,2,24,0.180915,1
5,180,2,14,0.263436,1
5,180,2,15,0.118209,1
5,180,2,16,0.151658,1
5,180,2,17,0.20763,1
5,180,2,18,0.271061,1
5,180,2,19,0.193672,1
5,180,2,20,0.206851,1
5,180,2,21,0.138388,1
5,180,2,22,0.243417,1
5,180,2,23,0.237272,1
5,180,2,24,0.136395,1
1,183,2,14,0.230531,1
1,183,2,15,0.186805,1
1,183,2,16,0.107418,1
1,183,2,17,0.181707,1
1,183,2,18,0.216033,1
1,183,2,19,0.182405,1
1,183,2,20,0.10981,1
1,183,2,21,0.187644,1
1,183,2,22,0.186834,1
1,183,2,23,0.161557,1
1,183,2,24,0.148509,1
2,184,2,14,0.137621,1
2,184,2,15,0.049775,1
2,184,2,16,0.115653,1
2,184,2,17,0.199796,1
2,184,2,18,0.156087,1
2,184,2,19,0.190559,1
2,184,2,20,0.132946,1
2,184,2,21,0.140549,1
2,184,2,22,0.194308,1
2,184,2,23,0.185248,1
2,184,2,24,0.208731,1
3,185,2,14,0.144386,1
3,185,2,15,0.027092,1
3,185,2,16,0.107719,1
3,185,2,17,0.177001,1
3,185,2,18,0.198298,1
3,185,2,19,0.184893,1
3,185,2,20,0.102559,1
3,185,2,21,0.125775,1
3,185,2,22,0.177426,1
3,185,2,23,0.245278,1
3,185,2,24,0.189409,1
4,186,2,14,0.126945,1
4,186,2,15,0.047107,1
4,186,2,16,0.022888,1
4,186,2,17,0.212827,1
4,186,2,18,0.172195,1
4,186,2,19,0.211756,1
4,186,2,20,0.117753,1
4,186,2,21,0.122525,1
4,186,2,22,0.168147,1
4,186,2,23,0.167323,1
4,186,2,24,0.155942,1
5,187,2,14,0.109323,1
5,187,2,15,0.100003,1
5,187,2,16,0.235978,1
5,187,2,17,0.182318,1
5,187,2,18,0.139826,1
5,187,2,19,0.20061,1
5,187,2,20,0.124161,1
5,187,2,21,0.170021,1
5,187,2,22,0.122358,1
5,187,2,23,0.094591,1
5,187,2,24,0.117787,1
1,190,2,14,0.153343,1
1,190,2,15,0.200385,1
1,190,2,16,0.194923,1
1,190,2,17,0.171644,1
1,190,2,18,0.186992,1
1,190,2,19,0.175958,1
1,190,2,20,0.132087,1
1,190,2,21,0.151244,1
1,190,2,22,0.181071,1
1,190,2,23,0.212984,1
1,190,2,24,0.195741,1
2,191,2,14,0.156024,1
2,191,2,15,0.177555,1
2,191,2,16,0.1314,1
2,191,2,17,0.18974,1
2,191,2,18,0.189339,1
2,191,2,19,0.190803,1
2,191,2,20,0.164004,1
2,191,2,21,0.182542,1
2,191,2,22,0.202082,1
2,191,2,23,0.216476,1
2,191,2,24,0.218577,1
3,192,2,14,0.19623,1
3,192,2,15,0.180855,1
3,192,2,16,0.192006,1
3,192,2,17,0.191755,1
3,192,2,18,0.24274,1
3,192,2,19,0.230997,1
3,192,2,20,0.185068,1
3,192,2,21,0.199131,1
3,192,2,22,0.247064,1
3,192,2,23,0.225232,1
3,192,2,24,0.211073,1
