x1,x2,day,group,id,y,D
0.255370877125462,0.0952122572965368,1,1,1,0.995811790234522,0
-0.251392382039042,0.301270523877717,2,1,1,0.955980579185646,0
0.436266889192113,0.254709987246349,3,1,1,1.95659070761043,0
-0.26308208411279,-0.775474945883957,4,1,1,-2.03613522308785,0
0.319197407052607,0.304717732886404,5,1,1,1.77822019246413,0
-0.205314808258401,-0.8095866250807,6,1,1,-1.96747390692311,0
1.66399202518096,0.141496875220699,7,1,1,2.87898123992615,0
0.457052760167797,0.396472873736625,8,1,1,2.19366597437655,0
-0.152600386584439,-0.286987045979781,9,1,1,-0.461559204015257,0
-0.503094273534909,-0.17805589459279,10,1,1,-0.233658453639582,0
-0.590057560372967,-0.540423548941423,11,1,1,-1.66899804371336,0
-0.440072588404083,-0.308939171599628,12,1,1,-1.09442812524271,0
-0.358996131675561,0.0429492044027767,13,1,1,0.2693958901835,0
0.105428339764562,-0.0908417520575471,14,1,1,0.301975038979798,0
-0.254575604164295,0.155040831403535,15,1,1,0.588581382858919,0
-0.255157577714772,0.0375170908038916,16,1,1,0.115107650182136,0
-0.279626373686981,-0.267858357843892,17,1,1,-0.585995167650666,0
0.633462125363921,-0.134316547299993,18,1,1,0.782608987607394,0
0.785713877967543,0.22137792763984,19,1,1,1.9216736260391,0
0.110130512633749,-0.045433569091476,20,1,1,0.162041133807979,0
-0.153502886439154,0.220687878538915,21,1,1,0.807807747099512,0
-0.285628013325429,0.0516837749138441,22,1,1,0.403092394974905,0
-0.932377988709025,-0.364370932345429,23,1,1,-1.68328246019932,0
0.0599212076984099,0.421266113139863,24,1,1,1.65706350190017,0
-0.111483554392993,-0.190913722259962,25,1,1,-0.462729614936281,0
0.692721489627881,0.272318493550498,26,1,1,1.80023292634509,0
-0.495411854504414,-0.14285652806125,27,1,1,-0.730584301241014,0
-1.02001386648726,-0.0186137159326421,28,1,1,-0.681944832143554,0
-0.0656162280054528,-1.44042220442955,29,1,1,-3.8933475716484,0
0.546155259542157,0.874054903846476,30,1,1,3.71187341566672,0
-0.733260429471427,-0.122622856726342,31,1,1,-0.497410799410996,0
-0.43282691904938,0.0169523139597672,32,1,1,0.0728131784862057,0
0.301299349156776,0.741001726420856,33,1,1,3.06466113838348,0
0.323349612809641,-0.422318252134239,34,1,1,-0.448278939094421,0
-0.891845359441083,-0.351427404326432,35,1,1,-1.68582024961817,0
0.332927998501285,-0.568668663160166,36,1,1,-1.00112335447032,0
-0.146100289164437,0.285948810429816,37,1,1,1.17593402948881,0
-0.351712174139267,-0.296064689559974,38,1,1,-0.644733313095591,0
0.397986304728974,-0.490884370963615,39,1,1,-0.506937154106467,0
1.03022876555258,-0.466213037899219,40,1,1,0.0475173326551281,0
0.28371604157199,0.723259952529846,41,1,1,2.97810153380687,0
0.113400192576206,-0.29740008794884,42,1,1,-0.222113047085886,0
-0.51745097048014,-0.172298198031794,43,1,1,-0.573195584558673,0
-0.322921771798462,0.929151156105912,44,1,1,2.9320235231808,0
-0.127924945906172,0.0969020403456302,45,1,1,0.691836530054523,0
-0.325553792669289,0.899948705445398,46,1,1,2.76125528618526,0
0.48537520647018,0.0274285909014463,47,1,1,1.2358149500034,0
0.435623616538443,0.620093956387821,48,1,1,2.97937370777642,0
-0.577012929907315,-0.0491922885003928,49,1,1,-0.112878046822064,0
0.489905292759754,-0.286841336621274,50,1,1,0.0563531761451512,0
-0.0938444481369178,-0.102134785829178,1,1,2,-0.0139765414520495,0
-0.558181591982979,0.0940861215551037,2,1,2,0.162846371345485,0
-0.234581334889182,0.760415817550825,3,1,2,2.76753224345957,0
0.789089213233848,-1.14079969295499,4,1,2,-2.12265821253273,0
-0.431479824520176,-0.4410700347937,5,1,2,-1.22792323725578,0
1.47878507720698,-0.998669662189544,6,1,2,-1.09743260594196,0
0.051897774787262,0.639154448801319,7,1,2,2.52389651437005,0
0.756072365840039,0.280031714939123,8,1,2,2.17073413240377,0
0.819722829156665,0.61903726612566,9,1,2,3.08180047719782,0
-1.12208798696304,-0.0498501760818695,10,1,2,-0.401808687057666,0
0.143888183060469,0.212721018208991,11,1,2,1.07896314526491,0
0.291965457638933,0.246854526181206,12,1,2,1.55176495051649,0
-0.9704890167796,-0.00926514994388356,13,1,2,-0.616364645073756,0
0.576237982993358,0.0563905378026015,14,1,2,1.09431207203083,0
0.244579165630227,0.573486394608438,15,1,2,2.30822513055821,0
1.04933580250348,0.422953029475714,16,1,2,2.56488262712315,0
-0.215803412208197,0.204825472520257,17,1,2,0.748088470088066,0
-0.321475886997317,0.819183655657022,18,1,2,2.41693021252926,0
-1.0191158625274,-0.668130053014082,19,1,2,-2.49122432534281,0
0.520290100605259,0.482284125520971,20,1,2,2.4163582604707,0
-0.363355598940076,0.131149927672188,21,1,2,0.451858247543386,0
0.0050344423116957,-0.222251859854146,22,1,2,-0.217579017452688,0
-0.858530707798812,-0.596204595065465,23,1,2,-2.40647297904415,0
0.965451072054164,-1.29524231075172,24,1,2,-2.66202204695037,0
-0.685442956414025,-0.132580370948787,25,1,2,-0.774178524343699,0
0.350231389885795,-0.18692785276891,26,1,2,0.104874963119737,0
0.189208983513181,0.201947457037513,27,1,2,1.09737156414896,0
0.271971416236854,1.05979989239039,28,1,2,3.93318961136232,0
0.172531423241934,-0.460254675624737,29,1,2,-0.627873481411874,0
0.487326031482141,-0.503910254397091,30,1,2,-0.553545386626114,0
-0.063026750312383,0.397860464574082,31,1,2,1.5351731754358,0
-0.702147628193363,-0.0967217427271421,32,1,2,-0.880535083976116,0
-0.281338288494104,-0.442846144506917,33,1,2,-1.23850685644722,0
-0.258526541851246,-0.680141160858341,34,1,2,-1.4672907758572,0
0.0035573643362643,0.599815921726695,35,1,2,2.19836635958858,0
-0.873547521328646,0.0581297510937095,36,1,2,-0.164335434161228,0
0.995057359090285,-0.641679648216609,37,1,2,-0.243667805241663,0
0.837514016897598,-0.832286708500632,38,1,2,-1.15295528423914,0
0.103404810014787,-0.518880726181224,39,1,2,-1.01539696389335,0
-0.710925841215365,0.420078423219735,40,1,2,0.954521099272468,0
-0.471839426481682,-0.672531842421043,41,1,2,-1.88232824696311,0
0.584003341439041,0.0872235532900294,42,1,2,1.25012199593633,0
0.250614406670529,0.349510691823405,43,1,2,1.68517247964216,0
0.631840175094591,-0.921934315755612,44,1,2,-1.70654765899782,0
0.702891949801912,0.202191777425416,45,1,2,1.95500527425318,0
0.671681506696182,0.372234683620726,46,1,2,2.31708575897128,0
0.204240974935379,-1.25857101872591,47,1,2,-3.20977044303124,0
-0.503186086620004,0.653013053351922,48,1,2,1.8566297278046,0
-0.707172883724246,-0.134430611188196,49,1,2,-0.415926788392335,0
-0.0814804321275079,-0.673459168200592,50,1,2,-1.57512797656819,0
-0.294714704132041,0.355171105424019,1,1,3,1.29623903710705,0
-0.461036008696092,-0.50094697600238,2,1,3,-1.63367939003927,0
0.298264521349373,-0.895196250710233,3,1,3,-2.00405569128807,0
0.289317869066216,0.0986397830846654,4,1,3,1.265981685485,0
-0.443222870339368,-0.058952117502803,5,1,3,-0.0248973874311221,0
-0.843694461427922,-0.822135594116358,6,1,3,-2.84653992925649,0
-0.386539381344458,0.127671611294508,7,1,3,0.46401985820117,0
-0.227082267989655,0.391839363865723,8,1,3,1.46977182928753,0
-0.948617804467591,-0.500672584627352,9,1,3,-1.91790988043966,0
0.0511504287831405,0.87811273485253,10,1,3,3.13139411306437,0
0.224645936482867,0.200980859084738,11,1,3,1.17325075157846,0
-0.181964850301609,-0.607816514711492,12,1,3,-1.62441450422024,0
0.493772774641676,0.47258335309165,13,1,3,2.49805085439177,0
-0.176146929412234,-0.26085801038746,14,1,3,-0.635175011198759,0
0.61306759353761,0.221053638342548,15,1,3,1.5722170036681,0
0.510919882638597,0.328241324808996,16,1,3,1.69656652812256,0
-0.935414022266958,0.134151741724689,17,1,3,-0.189027424502047,0
0.294489921147277,0.564647311858423,18,1,3,2.26621557904852,0
-0.102599114895004,-0.441428669499649,19,1,3,-1.08057962475458,0
-0.662380013550656,-0.175853818509678,20,1,3,-0.837257345694626,0
0.639436595468971,-0.677636148502152,21,1,3,-1.08211400710544,0
0.62786151750325,-0.43390585244905,22,1,3,-0.293719206716228,0
-0.0309357740315649,1.29348851670116,23,1,3,4.18014653360079,0
-0.266338934766308,0.183391464075108,24,1,3,0.644221927914568,0
0.428054109501829,-0.321490311147448,25,1,3,-0.253685536104018,0
0.161098698345016,-0.0282505301008513,26,1,3,0.530723709029893,0
-0.649712455839206,-0.357332038283439,27,1,3,-1.34982858557631,0
-0.494527359193424,-0.47841254476709,28,1,3,-1.42307878492374,0
0.28383091464799,-0.503488394007828,29,1,3,-0.842716785838663,0
-0.274367960405961,-0.47722263880331,30,1,3,-1.29326074793564,0
-0.381687224535805,0.106276158418794,31,1,3,0.0746926986124675,0
0.423959306425865,-0.590359161844965,32,1,3,-0.914278033020451,0
-0.508627176225029,-0.537475914714225,33,1,3,-1.71856083665568,0
0.0323172457943097,0.0649887991926839,34,1,3,0.466178501863036,0
-1.00706063658021,0.849856712217653,35,1,3,1.98633604489111,0
-0.345710073310164,-0.277654501666186,36,1,3,-0.685181100991441,0
0.915467914452054,-0.169089108109905,37,1,3,0.835857749881983,0
-0.0223679129684357,-0.420538112722436,38,1,3,-0.912637330213628,0
0.878043766764079,-0.233138134283492,39,1,3,0.726265837217363,0
0.560324535374505,0.541376929612697,40,1,3,2.99480506958773,0
-1.24778009389906,0.0434272980952584,41,1,3,-0.568554683528561,0
0.966209369908662,0.313047304746798,42,1,3,2.28800681646811,0
0.101418514444343,-0.350203329102295,43,1,3,-0.37865232957374,0
-1.01816745827179,-1.05958039081583,44,1,3,-4.0642898271629,0
-0.0236843523778484,0.332380073978658,45,1,3,1.36225568139738,0
0.0840866547742371,-0.881471602764783,46,1,3,-1.9997759026734,0
-0.0155484736659107,-0.318769346152378,47,1,3,-0.590347404657162,0
0.866307866641596,0.253803592117781,48,1,3,2.04169717200956,0
-0.235768020725813,-0.195900484350407,49,1,3,-0.337035237017218,0
0.442397902596637,0.319324553740431,50,1,3,1.90646126988213,0
0.571638244842052,-0.399016398733215,1,1,4,-0.209220930549958,0
-0.000520892878484518,0.0872507836020284,2,1,4,0.642609796122159,0
0.418045860858376,-0.0734622278014203,3,1,4,0.629145002554645,0
0.289286480062103,0.524468158861999,4,1,4,2.19691719682498,0
-0.611582949691953,-0.356246009396484,5,1,4,-1.26567932239717,0
0.145128676873586,0.139832517619472,6,1,4,1.00743817666662,0
0.338687219423145,-0.433738526324715,7,1,4,-0.415199348461923,0
-0.569701589971113,0.0433162179331577,8,1,4,0.318232788699346,0
0.659259814254065,-0.679614418046134,9,1,4,-0.779124451998693,0
0.450904023009767,-0.407818423907778,10,1,4,-0.313908387575494,0
-0.268034244215205,-0.578778378322638,11,1,4,-1.50102409254024,0
0.208345011517697,-1.47178453535258,12,1,4,-3.72058894746267,0
-0.831558610117695,0.121676082646526,13,1,4,-0.121650836774573,0
0.257780214453046,-0.0866572605831175,14,1,4,0.542964484480762,0
-0.076090641895909,-0.289560383879434,15,1,4,-0.643915720810663,0
-0.102012738774098,0.207105289775449,16,1,4,0.967395500062885,0
-0.236590861636237,0.420966565853773,17,1,4,1.28271218001814,0
0.245862916979984,0.305378752437875,18,1,4,1.4144527870554,0
-0.089510919509932,-0.970935459255762,19,1,4,-2.59605679540786,0
0.317751683898904,-0.564088315737376,20,1,4,-1.02515158630283,0
-1.38210420755591,-0.486552085722694,21,1,4,-2.51822441288647,0
-0.410380617410053,0.300212063340613,22,1,4,0.962581726518816,0
-0.352646010225118,-0.309098287859498,23,1,4,-1.0182293171492,0
0.461268004254818,0.669195235755591,24,1,4,2.95743359511928,0
0.360964311811933,-0.595595854898014,25,1,4,-0.92279288946493,0
0.0871687840344293,0.541608093036059,26,1,4,2.15765481010823,0
-0.49172768657952,0.210427414822794,27,1,4,0.433521983192423,0
-0.692845631262256,0.175582909858326,28,1,4,0.170396414442831,0
0.34142031053006,0.702269070562025,29,1,4,2.97647041043655,0
0.330463387049445,0.230230472428838,30,1,4,1.55831956307235,0
1.06054381254977,-0.323153754877802,31,1,4,0.554709230754456,0
0.0487607299055347,-0.213235533343042,32,1,4,-0.0747218544194454,0
1.22707524588625,0.249103036042957,33,1,4,2.5218975752632,0
-0.153769168611256,-0.257045071380433,34,1,4,-0.53335352247152,0
-0.18840755515683,0.27691977639586,35,1,4,1.12176880864935,0
0.510681329226025,-0.595595884768271,36,1,4,-0.799314344035709,0
0.035528504618896,0.269610270281087,37,1,4,1.36443197626435,0
-0.374387443128666,-0.224626973200321,38,1,4,-0.465341891891759,0
-0.390344123369232,-0.330401355432279,39,1,4,-0.878145600265625,0
0.674949078214634,0.361298912504767,40,1,4,2.44495586517425,0
-0.66390962729331,0.246572839936648,41,1,4,0.638472942706673,0
-0.355446633592043,-0.0109375062281799,42,1,4,0.0205332123904214,0
0.40869113125999,-0.595846974466146,43,1,4,-0.903813549160103,0
-0.614200577743507,0.066856739613567,44,1,4,0.535401381426579,0
0.236698317883949,-0.714106417403289,45,1,4,-1.43234660661193,0
0.370278008851047,0.157205288264736,46,1,4,1.31806053630859,0
1.06634007129749,0.592621833836957,47,1,4,3.3510734150756,0
-0.244874445800946,0.2244912714131,48,1,4,0.824343921660208,0
-0.135373237437145,0.0755472531767284,49,1,4,0.4316959895107,0
0.164147755460356,0.213576844324681,50,1,4,1.22995105527503,0
0.0651839341005124,0.207800156880054,1,1,5,1.31956611249171,0
0.0767447864983179,0.474930628797709,2,1,5,2.18855929375652,0
0.152246447534833,0.909075400675743,3,1,5,3.44540126640765,0
-0.71140289973311,-0.286704031689376,4,1,5,-1.22282839238826,0
-0.0928214480215846,0.0398696506978492,5,1,5,0.317331635716244,0
-0.734676203516085,-0.257581071375323,6,1,5,-1.14843817594362,0
-0.348408661721957,-0.322747068998387,7,1,5,-1.17583080144644,0
-0.352748499508171,-0.460027367003275,8,1,5,-1.14951044772356,0
0.266179492358722,-1.23030469070208,9,1,5,-2.87194201971769,0
-1.50289902848193,-0.394634201261446,10,1,5,-2.1958361057363,0
-0.460482899700009,-0.0766653192295883,11,1,5,-0.148130219955984,0
0.643413170988117,-0.024718108867054,12,1,5,1.11705184564257,0
1.03165686881735,-0.179775567258649,13,1,5,0.860925636459878,0
0.481087753147812,-0.0713452838156133,14,1,5,0.282174108728669,0
0.419484679643087,0.506286952891973,15,1,5,2.13816127503159,0
-0.574479301019777,0.66977204302643,16,1,5,1.78892848581022,0
-0.597552382171318,-0.492384821602883,17,1,5,-1.73150920860964,0
-0.158895484329915,0.478519600794961,18,1,5,1.74614293373806,0
-0.00515822555608175,-0.0539974738070007,19,1,5,0.130575592944456,0
-0.838684253005076,0.305142276124269,20,1,5,0.555598330264045,0
-0.284083130986457,0.236185145829323,21,1,5,0.899686321731427,0
0.152729884724449,-0.604608708141783,22,1,5,-1.29590655313487,0
0.553717777659802,0.0613145944063871,23,1,5,1.0447534514316,0
-0.518374653694784,-0.577213535369617,24,1,5,-2.00441861740788,0
0.356447323564901,0.0250890026244111,25,1,5,0.695855074241553,0
-0.366909952774667,0.368396024912769,26,1,5,1.21608761347464,0
-0.503207963812968,0.305886699434684,27,1,5,0.666939930078936,0
0.52767475632771,-0.0178979653004435,28,1,5,0.896469288854585,0
0.119940035125019,-0.956791052358905,29,1,5,-2.32933884894308,0
-0.137358768082567,0.421205429107299,30,1,5,1.46241415767409,0
-0.208287204534565,-0.730020866414959,31,1,5,-1.72793802736093,0
-0.166579610871569,-0.741196168522349,32,1,5,-1.99907881679183,0
-0.0563720425026564,0.676391253674099,33,1,5,2.50269150853856,0
0.173861804534875,-0.296024250868985,34,1,5,0.273616154933548,0
0.0578098222716704,-0.371402089127482,35,1,5,-0.537252745884208,0
0.680807611769494,0.699221470258897,36,1,5,3.08194553026403,0
0.612031085054875,1.42763926082132,37,1,5,5.31417297177221,0
0.00437130256990252,0.348489381724364,38,1,5,1.53932866353609,0
0.195487891793599,-0.00516906225127402,39,1,5,0.75490702641473,0
-0.297484230510005,0.592132639865463,40,1,5,1.90488656265403,0
0.671061870603135,-0.224224932903617,41,1,5,0.492611362959221,0
-0.621258765640159,0.95588645827546,42,1,5,2.72127881984066,0
-0.858457241624064,-0.538101205461356,43,1,5,-2.16544974906445,0
1.34357865255148,-0.0670921622392155,44,1,5,1.76507462006808,0
0.0969663134508514,0.7830685590667,45,1,5,2.84647422628525,0
-0.460344648287616,-0.185199096009343,46,1,5,-0.778996350979374,0
-0.345687223246568,0.124363832422617,47,1,5,0.61565724207636,0
-0.291702015585634,-0.408210886964257,48,1,5,-1.07033835710928,0
0.885786600072011,0.100178881923011,49,1,5,1.62469214534719,0
0.0407397190280979,0.263738075605969,50,1,5,1.35024589874094,0
0.293231410845692,0.472911648566214,1,1,6,2.21989694003308,0
-0.451984953342077,-0.473051445226635,2,1,6,-1.33018174959749,0
0.577661921865883,0.217583138509175,3,1,6,1.62085107268891,0
-0.0951960116975998,-0.442884637136095,4,1,6,-0.96160423909527,0
-0.860254724776033,-0.205266533278084,5,1,6,-0.896793767471044,0
0.224530890031046,-0.252573350735341,6,1,6,-0.0769018090246577,0
-0.0376756119273148,0.0222062632996333,7,1,6,0.353352010447591,0
-0.165549151029959,0.101521033168086,8,1,6,0.602970348825098,0
0.300798860597249,0.468453133646755,9,1,6,1.97336781680974,0
0.329618251434899,0.38890542410155,10,1,6,1.9560042209729,0
-0.343248990379441,0.401753050901624,11,1,6,1.25366881332885,0
-0.701957314991289,0.332587786973968,12,1,6,0.634951323654071,0
-1.04101807209455,-0.0173235485877586,13,1,6,-0.505582794774871,0
0.193578684762955,0.843416372714727,14,1,6,3.05887315837578,0
-0.0332076060724817,-0.367314404830309,15,1,6,-0.674655068195694,0
0.528661862223722,0.362651931916011,16,1,6,2.00806020582988,0
-0.147351947468747,-0.488264625404767,17,1,6,-1.31350070845205,0
-0.540174164461556,-0.651965024296808,18,1,6,-2.01281256204131,0
-0.622194183093581,-0.946761289694253,19,1,6,-3.18440757488434,0
-0.157204847853096,0.0132722642909254,20,1,6,0.358380770242178,0
1.38165198921655,-0.0776542209676942,21,1,6,1.39482950067522,0
-1.45563114133949e-05,0.836413997430029,22,1,6,2.905198693947,0
-0.0223840354039896,0.0510405094745853,23,1,6,0.376873350927895,0
0.139825125707604,-0.263201015692279,24,1,6,-0.329258235650268,0
0.322211976184625,-0.256179621826038,25,1,6,-0.144388471816173,0
0.113844866908339,-0.336768908361028,26,1,6,-0.341433018566504,0
0.792421635423868,0.209093162579729,27,1,6,1.72497249563676,0
-0.881628755514064,-0.925640356110035,28,1,6,-3.27593019290605,0
-1.27536978008651,-0.485328539493495,29,1,6,-2.33187700847931,0
0.77083241970304,0.131366686868128,30,1,6,1.53714361773935,0
1.1320902989645,0.528732660455414,31,1,6,3.17004076195343,0
-0.496823105655501,0.382354997240752,32,1,6,1.00875487585931,0
0.506518802649784,-0.577252801351211,33,1,6,-0.383152216313913,0
0.50289648412371,-0.500692449216229,34,1,6,-0.442793509299811,0
-0.0703511249412668,-0.002151163826135,35,1,6,0.444574870422433,0
0.140412293145815,-0.830339624600936,36,1,6,-1.8077075225923,0
0.954164210895489,-0.523271817932134,37,1,6,0.102372127706048,0
0.387917023981441,0.393511199427268,38,1,6,2.13602288162441,0
-0.4670849413275,-0.00445928161307575,39,1,6,0.0655910230977967,0
-0.523819422188445,-0.25724671263973,40,1,6,-0.866032309438204,0
0.494686055923463,-1.11272698061199,41,1,6,-2.35703240789509,0
0.221849845666559,1.08726800889051,42,1,6,4.01081512560828,0
-0.774072285669048,0.522464340523857,43,1,6,1.31311542869491,0
0.207457802159536,0.42700330194887,44,1,6,2.18684585427785,0
-0.938197205433474,-0.342632826459051,45,1,6,-1.53081860532674,0
0.738003290064928,0.837305216315413,46,1,6,3.785725261387,0
1.21250311721336,0.73084311421554,47,1,6,3.7716380943016,0
0.54927127626684,0.502570023073798,48,1,6,2.50968459923082,0
-0.380935967007461,0.511523074478298,49,1,6,1.95185224620994,0
0.821762014128067,-0.726042310485781,50,1,6,-0.904063268024139,0
0.0516997037245646,-1.18935528023657,1,1,7,-3.09141873734939,0
-0.469165948075688,0.467915694400976,2,1,7,1.57750404961693,0
-0.785756972778365,0.580496274612372,3,1,7,1.42243782035531,0
0.0930116940938022,-0.0925315979470872,4,1,7,0.445083579720242,0
0.0759023502713447,-0.61105171559083,5,1,7,-1.16553324938348,0
-0.84794741399902,-0.949380968441739,6,1,7,-3.10751670320955,0
0.013009318150638,1.12873014692875,7,1,7,3.99605585199297,0
-0.760396129271206,-0.183535006328067,8,1,7,-0.78402598924012,0
0.233594327051125,-0.277698092873277,9,1,7,-0.0418047617011026,0
0.380170495085223,0.454939790872023,10,1,7,2.34048961577676,0
-0.546434934739647,0.421425966810154,11,1,7,1.12479469472539,0
0.222124134256437,-0.953637663482389,12,1,7,-2.11704855534147,0
0.136580792234301,-0.912182061611522,13,1,7,-1.97380652519959,0
-0.112597907736605,-0.561264699208205,14,1,7,-1.21206670427548,0
0.441016230338746,-0.0789990466367554,15,1,7,0.793932762252833,0
-0.0353515904278854,0.30647518288619,16,1,7,1.37251842802617,0
0.355968464872861,-0.317119780711941,17,1,7,-0.322405166340011,0
-0.118347277059413,0.173000070154133,18,1,7,0.693508834079897,0
-0.352194545248096,0.247684151718733,19,1,7,0.68984499949131,0
-0.298479058302696,-0.349093883877675,20,1,7,-0.908213813836037,0
0.0303170878209088,-0.0367475222897196,21,1,7,0.271495093772254,0
-1.12188572683698,0.926510584470189,22,1,7,2.26471413125399,0
0.0592688198516891,-0.28293591009883,23,1,7,-0.478390983897435,0
-0.261557423961459,0.0464584788159725,24,1,7,0.349924708880833,0
-0.647225172347027,0.797368113333953,25,1,7,1.74113541189725,0
0.598667507733692,-0.347342580621966,26,1,7,-0.147738636389494,0
0.241790734252629,0.567985759164415,27,1,7,2.30725615030606,0
-0.457085238470099,0.988569118870308,28,1,7,2.90494912511728,0
0.227751244179671,0.27767544378891,29,1,7,1.77629703531628,0
0.225312442007638,0.31487753901714,30,1,7,1.53725397878871,0
0.0411606649927078,0.53580692377574,31,1,7,2.0067930946501,0
-0.571783249013846,0.0383391791296832,32,1,7,0.0104909392003472,0
-0.585947587029824,0.0198021499568997,33,1,7,0.119909970020358,0
-0.104009684279025,-0.656105998983481,34,1,7,-1.68329468962113,0
0.0700239724990958,1.28055455799147,35,1,7,4.3125398837051,0
0.687168838449003,0.170923953988067,36,1,7,1.7270566753925,0
0.0261091635422915,-0.119224817420967,37,1,7,0.211661531642435,0
-0.544681646515971,-0.399739010377227,38,1,7,-1.38990945740998,0
0.0291456932591691,0.697662834634639,39,1,7,2.85481236719523,0
0.153194245200333,0.350867964028009,40,1,7,1.67459486102131,0
-0.324987322984133,-0.46396942563503,41,1,7,-1.35678554136837,0
0.42666849397041,-0.033451997870259,42,1,7,1.03993452199629,0
0.195508610110821,0.169998125959465,43,1,7,1.12018379595364,0
-0.16310103893303,0.786003824354613,44,1,7,2.6416764477412,0
-0.539941279674874,0.831694727017187,45,1,7,2.43620187110792,0
-0.19468345204919,-0.0117558035399893,46,1,7,0.116770351895971,0
0.191042180116945,0.171953580584197,47,1,7,1.15325194383783,0
1.18230579215626,0.417457644511801,48,1,7,2.99120182615243,0
0.231568201617348,0.17082735983847,49,1,7,1.33277367872389,0
0.14288387681688,-0.0752151793982017,50,1,7,0.442465682190016,0
0.132270677277499,0.560981186635016,1,1,8,2.13278967596044,0
0.216945323388881,0.509115479529913,2,1,8,2.26787906912576,0
0.818239038228769,-0.145127423444013,3,1,8,0.764543223928987,0
0.741997270052264,0.124966206216756,4,1,8,1.58362951008492,0
0.40825382933895,0.32879792991322,5,1,8,1.7405816665364,0
0.030230292769305,-0.554737756017263,6,1,8,-1.08886245337969,0
1.0027681771039,-0.742056011975761,7,1,8,-0.526798233135626,0
0.0826396877839494,-0.290232299618266,8,1,8,-0.31805794468011,0
0.104090738269933,-0.162290356096263,9,1,8,-0.0796081424410836,0
-0.0849580564884099,-0.253850055615453,10,1,8,-0.450425644982332,0
-0.244495740529199,0.230172600970568,11,1,8,0.966014554566536,0
0.720428835346546,-0.710576867309347,12,1,8,-0.999146475975923,0
-1.18836811889299,-0.192292064300712,13,1,8,-1.27890861214189,0
0.1247129252125,0.660392198772782,14,1,8,2.90589651660208,0
-0.307249081365488,-0.150365710877513,15,1,8,-0.398154501998335,0
-0.830822544026703,0.27952996186891,16,1,8,0.351876929453301,0
-0.158590154175706,-0.342005703993124,17,1,8,-0.978552311324501,0
0.518754393955824,0.391826178844667,18,1,8,2.08781643796885,0
-0.547132953965584,-0.461729078912045,19,1,8,-1.67627382012559,0
0.208785732846584,0.714055209964179,20,1,8,2.60982471704824,0
-1.03170157397177,0.447348445577611,21,1,8,0.434181294821932,0
-0.93167273323783,0.373468973491097,22,1,8,0.437769599616115,0
0.439109779897459,-0.241650127731158,23,1,8,-0.00449123299779985,0
0.273137143424076,-0.258721495012725,24,1,8,-0.202765148458547,0
-0.413964910802953,0.431474357242162,25,1,8,1.80375320243397,0
-0.718194304478789,0.626174498406563,26,1,8,1.72194965781383,0
0.479810683618882,0.66303149176537,27,1,8,2.85999342671272,0
-1.2829587617757,-0.292680649235855,28,1,8,-2.0478424475474,0
0.551550473802453,0.729098491900962,29,1,8,2.89834685033117,0
0.181140081613733,-0.296906535043012,30,1,8,0.119779642218377,0
-0.26000313974801,0.544997748545701,31,1,8,1.68144011967738,0
0.334672582988358,-0.560201692630108,32,1,8,-0.979163328841738,0
0.276705552938411,0.273811162216205,33,1,8,1.46662770333572,0
-0.298703940965906,-0.0532069300002262,34,1,8,0.12769233442847,0
0.0655959161065082,0.240042541193932,35,1,8,1.24061755825744,0
0.700574171123924,-0.00995689395104582,36,1,8,0.997200259438828,0
-0.159402514440188,-1.39390787526379,37,1,8,-3.91463358514051,0
0.37019287598734,-0.861012199801329,38,1,8,-1.81726898258509,0
0.303132607418001,0.534481805827382,39,1,8,2.34287818613352,0
-0.625993075061202,-0.319871793355305,40,1,8,-1.11059490931886,0
0.795436960223268,0.765892565793033,41,1,8,3.54914281998288,0
0.760473815487143,0.42241144589756,42,1,8,2.5434929955384,0
-0.261248668871046,-0.0536054886821921,43,1,8,-0.0230847249870431,0
-0.461251102360802,0.566372589108261,44,1,8,1.69565670482494,0
0.883321791773222,0.485117471535432,45,1,8,2.59016504048724,0
0.176479780940957,0.587452692238662,46,1,8,2.32521890514797,0
0.792053605533526,-0.921210498573393,47,1,8,-1.53768508836568,0
0.0895163059669028,0.999315097805395,48,1,8,3.40527972168707,0
0.0216170125191916,0.119907385842068,49,1,8,0.872129390614583,0
0.514069394158922,-0.375618661483211,50,1,8,-0.170273213485282,0
0.0273995640298288,-0.864807835372511,1,1,9,-2.19783484131634,0
-0.0765766480543376,-0.00052274462709959,2,1,9,0.307155912572201,0
0.277415688838158,0.349185358579561,3,1,9,1.72724446893654,0
-0.339734592597458,-0.133082730000692,4,1,9,-0.403800098324848,0
0.288898887713424,0.200138053716454,5,1,9,1.50178360575928,0
-0.573806242572395,0.426574892724684,6,1,9,1.18251897279957,0
-0.564815650528399,0.0221259770014357,7,1,9,0.0794510879220719,0
-0.243934960149397,0.3914116548348,8,1,9,1.5048507465969,0
-0.0287996956596116,-0.711041523784163,9,1,9,-1.65669187185386,0
0.354308004345567,-0.465520776210489,10,1,9,-0.460378698137915,0
-0.459382693616899,0.245970992707142,11,1,9,0.737422668863141,0
0.166438384953826,-0.178117263767531,12,1,9,0.249504387017857,0
0.18973292993091,-0.601648206442728,13,1,9,-1.09425036898044,0
-0.958004536479715,0.121886117628262,14,1,9,-0.0336948792010506,0
-0.056593425077318,-0.167140608260072,15,1,9,-0.167803926458115,0
0.862729133201142,0.555281117726454,16,1,9,3.00063138595987,0
0.67279026778348,0.390719741873468,17,1,9,2.42213487082061,0
-0.252836449453465,0.261068142657976,18,1,9,1.0036159109936,0
0.56454398068764,-0.343930888591623,19,1,9,0.0369652696204003,0
-1.15226710756221,0.995778496196217,20,1,9,2.24738475479423,0
0.0153200020844613,-1.04928226358147,21,1,9,-2.87167999594359,0
-0.0978030301779055,-0.0117263906809733,22,1,9,0.212697338653496,0
-0.0399733701199938,1.12905211828091,23,1,9,3.53002997073764,0
0.352666370551512,0.224189200074802,24,1,9,1.47856425827492,0
-0.282383923720041,0.675117580253732,25,1,9,2.04121545600125,0
-0.784803951737059,-0.289481214204254,26,1,9,-1.18156192849637,0
-0.272983046488935,0.0508082259561176,27,1,9,0.26217190681866,0
0.71364882240573,0.319504989999147,28,1,9,2.08204092303555,0
0.73020383166028,-0.219368295805627,29,1,9,0.556796304098511,0
-0.405288396284302,-0.325152626885497,30,1,9,-0.84694804484884,0
-0.590373697526955,0.497203580741285,31,1,9,1.4129598548185,0
0.784794340293352,-0.52709376249449,32,1,9,-0.340771965894629,0
-0.071436730525705,-0.88800690760082,33,1,9,-2.36927997788918,0
0.820432589324021,0.00933148618050311,34,1,9,1.29791507918976,0
-0.203685178236793,0.188552454976701,35,1,9,0.854122172843214,0
0.948863591046018,-0.513944671849616,36,1,9,-0.00718920475742203,0
0.352121638104204,-0.0411382468831906,37,1,9,0.849551756680352,0
0.762559202156239,-0.441900978921549,38,1,9,-0.174291380948877,0
1.02329205807226,-0.080767341196306,39,1,9,1.20078226567143,0
-0.101123209194472,0.409792791122546,40,1,9,1.54561948740174,0
0.476237734411887,-1.07510693373108,41,1,9,-2.23679603303172,0
0.168825003093644,-0.00981888120860904,42,1,9,0.656069849829802,0
-0.647761831571881,0.411647954311212,43,1,9,1.04036668691859,0
0.147951053752334,0.338724571288034,44,1,9,1.82941755283173,0
0.245079414943794,0.0714587757628428,45,1,9,1.15231902577885,0
0.240277854115978,-0.0799772715256802,46,1,9,0.425116361867917,0
-0.736664827299274,-0.118758762518199,47,1,9,-0.625474517574964,0
0.625701850502605,0.580981149413517,48,1,9,2.86292232441499,0
-0.136148566856919,-0.228735076893126,49,1,9,-0.365301465153905,0
-1.05516183477403,0.0449230293284362,50,1,9,-0.40074187748891,0
0.110626047972067,0.0791228773709868,1,1,10,0.787485263208396,0
0.201218911051282,-0.416625487686046,2,1,10,-0.482574503454737,0
-0.292716045201935,0.826991849383897,3,1,10,2.90925120223623,0
-0.265030720121913,0.126895177270735,4,1,10,0.599767032156477,0
0.531925602556305,0.707849090661477,5,1,10,3.15965221277372,0
0.996968077728735,0.0208817054310005,6,1,10,1.38930418033646,0
0.327118434692786,-0.142150941533023,7,1,10,0.417398771952174,0
0.293482629843832,-0.114763392252474,8,1,10,0.384636284859295,0
-1.532592852987,-0.147850871825696,9,1,10,-1.47550063853877,0
0.314378227459983,-0.135146819006914,10,1,10,0.331069073102939,0
-1.01585210094175,0.343126548984344,11,1,10,0.593028241393327,0
0.257997606923134,0.242819664923727,12,1,10,1.46532351112761,0
-0.495660131063724,-0.0651677492311053,13,1,10,-0.189786373939505,0
0.355602647403684,0.15211429627248,14,1,10,1.36933342301986,0
0.376116043653069,-0.648197039776305,15,1,10,-1.0216428253667,0
0.490566360810005,-0.305906980584072,16,1,10,-0.012003879503873,0
0.215786463541682,-0.706605697594175,17,1,10,-1.52268166842129,0
0.57462497113471,0.0544767703100895,18,1,10,0.982485455751594,0
0.559223924450633,-0.0737464419162651,19,1,10,0.537661771792562,0
-0.387523579895078,-0.437359318682213,20,1,10,-1.35614241203438,0
0.163147334738379,1.01646689985215,21,1,10,3.4687856654014,0
0.61286105529927,0.323537613039828,22,1,10,1.81897086780497,0
0.295072781202186,0.101949059309176,23,1,10,1.05735500764703,0
0.234229769268599,-1.24893238140243,24,1,10,-3.11232170392247,0
-0.114479614758425,-0.743680840004944,25,1,10,-1.70707781230909,0
0.573234876719366,-0.0387572254739499,26,1,10,0.803679428642293,0
0.132701232328539,0.690407932791347,27,1,10,2.59517891004122,0
0.0493085990117848,0.342249766700636,28,1,10,1.49457867432783,0
-0.573946195443978,-0.709141647646659,29,1,10,-2.38078384623983,0
0.0784841502610867,-0.00430355160755558,30,1,10,0.515515901239994,0
-0.316807575835506,0.47944284343825,31,1,10,1.72600724187931,0
0.223983111930113,-0.346916969882094,32,1,10,-0.297183421989968,0
-0.0935377025661028,-0.60212320206759,33,1,10,-1.52345845883362,0
0.113540536132136,0.0174659640583351,34,1,10,0.724108349299684,0
0.347188513085458,0.200703979950511,35,1,10,1.50837381011472,0
1.10843209888863,-0.266782963887869,36,1,10,0.878406835125089,0
-0.0472818310001264,-0.581507566258005,37,1,10,-1.32855054260326,0
0.140587902972692,0.0595947592610504,38,1,10,0.840388588821919,0
-0.603831874875546,0.66765489568713,39,1,10,1.98603252424769,0
-0.428266740976418,-0.950552495205214,40,1,10,-3.14298792618206,0
-0.172061532969273,-0.917126047170217,41,1,10,-2.30482242646279,0
0.54444000235588,0.43472429391907,42,1,10,2.31347110687503,0
-0.231993039638607,0.0356398025018955,43,1,10,0.456988851149527,0
-0.8547708123568,0.960760049304273,44,1,10,2.67329691473944,0
0.291223355940153,0.0906982617381431,45,1,10,1.08694542099112,0
0.262044217550998,-0.260634147111949,46,1,10,0.010819993273601,0
0.295843020009097,-0.554800834463067,47,1,10,-0.84925407764313,0
-0.209572509549893,0.155754377197985,48,1,10,0.649246933795726,0
-0.333049726905852,-0.378804003876953,49,1,10,-0.923700234596994,0
0.077228531128603,1.33891545119704,50,1,10,4.55454517076704,0
0.0455029182345821,0.174426224179212,1,1,11,0.885075754893506,0
-0.326276210837674,-0.314376673881751,2,1,11,-0.892306070196894,0
-0.25522194131978,-0.782787368949702,3,1,11,-2.10518815654706,0
-0.429747201553802,1.72811013555682,4,1,11,4.96770776004865,0
-0.401619361271337,-0.434918108160396,5,1,11,-1.27494601752069,0
0.460445825711962,-0.617225590584448,6,1,11,-0.828668776839149,0
0.709583330826641,0.869749612312383,7,1,11,3.65218270608089,0
-0.451684627287408,-0.0704418654000388,8,1,11,-0.255494437850989,0
-0.306247078565075,-0.102836778187294,9,1,11,-0.246984867746895,0
-0.381783867665176,0.1964424195893,10,1,11,0.875528462159534,0
0.319502777587649,0.434528272632589,11,1,11,1.93729418344447,0
-0.116030721139269,-0.742758617687658,12,1,11,-2.09901324440558,0
0.0471086963820033,-0.496212331169249,13,1,11,-1.03835388669998,0
0.781451569035626,-0.352219214466251,14,1,11,0.157603797868684,0
0.251126806787429,-0.108808344970829,15,1,11,0.255973840696359,0
-0.00920421577931454,-0.480281311689301,16,1,11,-1.16688623718283,0
-0.145112364956897,0.189735789706426,17,1,11,0.729363258040323,0
-0.829169203197752,0.321237721051463,18,1,11,0.492394474926351,0
-0.11263401868954,-0.812022074222379,19,1,11,-2.12014705889494,0
-0.810351682646673,-0.169411822215538,20,1,11,-1.06282453673565,0
0.365729669279861,-0.242364976475107,21,1,11,-0.105351786398018,0
-0.301773958804396,-0.225261548100055,22,1,11,-0.64182631942242,0
-0.277373425988772,0.321266116511687,23,1,11,0.940601044986876,0
-0.0500118579571109,-0.901106461985197,24,1,11,-2.45570631487581,0
0.427858565645909,0.0828430642357835,25,1,11,1.12856526847606,0
0.227171671863343,-0.328278861103753,26,1,11,-0.37785089995934,0
0.168536987903313,-0.0513819858634303,27,1,11,0.505053775589968,0
-0.335685153994704,0.0907434181506705,28,1,11,0.263371119584622,0
-0.564695930253673,0.304311753464566,29,1,11,0.61367413080356,0
0.237095149033535,-0.159778771394648,30,1,11,0.198216813734263,0
-1.07594456581318,0.400183164843617,31,1,11,0.538670984953936,0
-0.0243250233545342,-0.117905819940684,32,1,11,0.284803985090419,0
-0.565547083229488,1.10766448283838,33,1,11,3.18945584275103,0
-0.188511299962006,0.443375759442831,34,1,11,1.54521300397008,0
0.263205142070676,-0.325753483781313,35,1,11,-0.477439085873248,0
-1.3242448423246,-1.01292978219285,36,1,11,-3.88195966887405,0
0.211187616803588,0.553078067128239,37,1,11,2.47403112667037,0
0.859210916216811,0.193669517448882,38,1,11,1.98498430699238,0
-0.280008171550162,-0.484218836963236,39,1,11,-1.37241484109071,0
0.510082291665941,0.304804604424319,40,1,11,1.80267185424239,0
-0.0734132919720139,0.19750040817016,41,1,11,0.957473979507419,0
0.497930289582771,-0.686047099942677,42,1,11,-1.18789935937876,0
0.280871408159308,-0.131486582468216,43,1,11,0.376753827908502,0
-0.282873710728284,-0.373960947964126,44,1,11,-0.867141232806528,0
-0.275196516555207,-0.439663040478319,45,1,11,-1.17879234271856,0
-0.332260683377903,-0.350633837557463,46,1,11,-0.856953016734451,0
0.104681835982187,-0.160679504342216,47,1,11,0.00499840234843407,0
0.884473742574276,-0.582803926995402,48,1,11,-0.316610179920589,0
-0.417665334023541,-0.290905925081964,49,1,11,-0.870610065726907,0
0.27564575998016,-0.000434590211358844,50,1,11,0.665527379855652,0
-0.075057747634331,-0.27983582639866,1,1,12,-0.475865578062474,0
-0.978845446999973,0.552443292712709,2,1,12,1.0620461676194,0
0.246351100856618,0.412121602331808,3,1,12,1.92750945168764,0
0.653177781063381,0.603547698859522,4,1,12,2.95506032438648,0
0.399313708832032,0.361675102617076,5,1,12,1.99669500938755,0
0.811350395064795,0.0534789157304967,6,1,12,1.48167680841195,0
-0.412806389146525,0.578827694530799,7,1,12,1.76148271623719,0
0.185503977241858,0.514948739527109,8,1,12,2.34216154758455,0
-0.00808094364274392,-0.0304312031038075,9,1,12,0.417408291424713,0
0.593835252479185,0.857780827417591,10,1,12,3.66266950872096,0
0.567944193418533,0.0645167492888258,11,1,12,1.30957361598358,0
0.301172538511914,-0.775385940932671,12,1,12,-1.58600083364201,0
0.321900860339461,0.0187187863623964,13,1,12,0.845731820597133,0
-0.412689747517287,-0.887209663440217,14,1,12,-2.80201996480817,0
0.885756910663353,-0.529726173016409,15,1,12,-0.396435476714234,0
0.650081218106898,0.632635650612781,16,1,12,3.00796594838462,0
0.402391864090002,0.0572828588172647,17,1,12,0.88197233588658,0
-0.329275414575985,0.341929334065575,18,1,12,0.879750651111886,0
0.0359291065801411,-0.589460061676406,19,1,12,-1.31047102670037,0
0.213816532204874,0.0809058516921699,20,1,12,0.714387547968891,0
0.6774393828349,-0.547824965008921,21,1,12,-0.654551634844165,0
0.33910187044759,0.226237785206869,22,1,12,1.36774404082301,0
-0.307833537299069,-0.0137175395038405,23,1,12,0.0258178686374574,0
-0.533945466201414,0.216942525293317,24,1,12,0.544082084542522,0
-0.650881792008055,-0.919705142635521,25,1,12,-3.24640994229863,0
0.0710893065457077,0.991749745421907,26,1,12,3.35347566030275,0
0.187975561036693,0.202954916915486,27,1,12,0.988262403456609,0
0.430346412706856,0.223126839794603,28,1,12,1.58902202576263,0
-0.214675071494395,0.23571819463143,29,1,12,1.0728168922016,0
-0.296760757907671,0.0569197377057912,30,1,12,0.21426216668653,0
0.201083089762123,-0.524455546224876,31,1,12,-1.11469865417255,0
1.02978790605894,-0.293191856233921,32,1,12,0.469797400463441,0
-0.420842325784325,-0.358640846794872,33,1,12,-0.704302216999962,0
0.214068926855636,0.350350382865517,34,1,12,1.75657292443101,0
0.170443610229091,-0.440161456498762,35,1,12,-0.6249931331498,0
-0.606165470085487,0.0971065174812577,36,1,12,0.0893840449171077,0
0.793308953309446,0.265415040350397,37,1,12,2.07635960576018,0
-0.329768574690815,0.028780868339373,38,1,12,0.186304320809725,0
-0.256187566948775,0.104826242087814,39,1,12,0.654612043309911,0
-0.0101623295156786,-0.0133658385353028,40,1,12,0.397443712221069,0
0.206463695642804,0.0225113628712153,41,1,12,0.323316471813467,0
-0.107313429353276,-0.536623866902794,42,1,12,-1.09312448089642,0
-0.246271747717695,-0.889182784826967,43,1,12,-2.46877475806799,0
-0.425594917566795,-0.962784167296792,44,1,12,-2.77873316375147,0
0.0636222252818587,-0.26104714395457,45,1,12,-0.473054391222351,0
0.365776551449435,-0.915358466520433,46,1,12,-1.87759432311001,0
-0.0176088460820159,-0.0518705768150257,47,1,12,0.302276114365968,0
-0.284744263324114,-0.188292393463767,48,1,12,-0.0173286952702676,0
-0.681910901385486,-0.217265156704862,49,1,12,-1.07816017264935,0
0.806700577053353,-0.0470214645025512,50,1,12,1.18429149314525,0
-0.280648282084603,0.777273494160527,1,1,13,2.55918049900569,0
0.033846588242417,-0.626487971891637,2,1,13,-1.27811026881551,0
-0.325412774766417,0.463429674840286,3,1,13,1.46762672541964,0
-0.0431647854268843,0.19279150172096,4,1,13,1.15224305303351,0
-0.157546134755929,0.592988263472748,5,1,13,2.28827072389846,0
-0.243773666424939,1.03085241970612,6,1,13,3.48833661651935,0
0.0265533851278269,-0.124146434506995,7,1,13,0.314019787632054,0
-0.630071487055109,0.374263362964455,8,1,13,0.984887831927298,0
0.388449919929216,-0.112232915521277,9,1,13,0.525410646123042,0
0.581977814115283,1.08184743179978,10,1,13,4.59958449118592,0
-0.392804457556854,0.563992982082874,11,1,13,1.85196383676398,0
0.306268850185478,-0.0595662363073839,12,1,13,0.603497645190732,0
-0.391480625254465,-0.832685798527181,13,1,13,-2.28737941818192,0
-0.284066864362574,-0.261629515384059,14,1,13,-0.595908916900758,0
0.0128452808355224,0.404340436784387,15,1,13,1.69298479511776,0
-0.141005954295116,0.0691605168472275,16,1,13,0.409182146161472,0
0.17474949391833,-0.129449243584969,17,1,13,0.369191102782742,0
-0.587364154439859,-0.826227506907573,18,1,13,-2.57787712934234,0
-0.689610710967743,-1.0273241664761,19,1,13,-3.52318628909173,0
0.118030813129171,0.901890312163432,20,1,13,3.14337330876893,0
-0.107661088919238,-0.0650736413393564,21,1,13,0.132483080741452,0
-0.363160312523931,0.16249536939823,22,1,13,0.543448284157211,0
-0.344520027410581,0.187711743035636,23,1,13,0.587329314347424,0
-1.2943596429836,0.690858110010515,24,1,13,1.11446447354906,0
-0.0369534190067703,0.515937134314012,25,1,13,1.98483854988417,0
-0.400212672741862,0.00249060622708824,26,1,13,-0.0310462785881312,0
-0.524634448945704,0.610042817423906,27,1,13,1.49185429509048,0
0.016547733390244,-0.414806224492062,28,1,13,-0.841599919659003,0
-0.287775570459755,-0.20469528256272,29,1,13,-0.513514237561732,0
0.888690391137118,0.18743819554218,30,1,13,2.10875189069817,0
-0.0975210039246465,-0.259683624052085,31,1,13,-0.314083738434897,0
-0.00640791080571443,-0.376967453985099,32,1,13,-0.668389084685406,0
0.206461624069494,-0.618292571307687,33,1,13,-1.09024569681456,0
-0.066024609698377,0.292334082622264,34,1,13,1.2541642477425,0
0.0359488220324285,0.289430427324999,35,1,13,1.42936260374548,0
-0.390111595084921,0.646498861490303,36,1,13,2.03998464303102,0
0.544848448451215,-1.11864605578993,37,1,13,-2.38995852749767,0
-0.0768547417905458,-0.24132807622562,38,1,13,-0.301111690173594,0
-1.12036475994302,-0.089383586669754,39,1,13,-0.978747587023805,0
0.910435405168242,-0.660787992277624,40,1,13,-0.41961674303671,0
-0.781329151558927,-0.0025561932499479,41,1,13,0.00774503182063907,0
0.141251325010418,0.563308580599298,42,1,13,2.24269409930672,0
0.91448574408048,0.177994355081905,43,1,13,1.93500518380262,0
0.244119686105982,0.342137672130772,44,1,13,1.93993584476241,0
0.269459453921917,-0.834180600680704,45,1,13,-1.95115808596424,0
0.488017323186715,-0.193892090741112,46,1,13,0.431353745864176,0
-0.584298392351268,0.0929652019694343,47,1,13,0.153318409259024,0
-0.481620123431111,1.06246738630558,48,1,13,3.17872854017165,0
0.199613001512618,0.275646441120778,49,1,13,1.63137284812556,0
-0.154222067324212,0.627093869023931,50,1,13,2.20278763665349,0
-0.89959252007915,0.235820064446575,1,1,14,0.314179308136993,0
-0.0236600031848345,-0.101155531256759,2,1,14,0.0705656675528053,0
0.463436258072776,-0.33386403733524,3,1,14,-0.105512634673838,0
-1.07518648637979,-0.0275539992843406,4,1,14,-0.402093777571038,0
0.593031990800866,0.204350714384053,5,1,14,1.84662171506894,0
-0.597790963497277,1.07305691373255,6,1,14,3.20927673622101,0
-0.427927323548172,-0.28465313337028,7,1,14,-0.83717820787103,0
0.111444687341699,-0.598946256296492,8,1,14,-1.21176790136563,0
-0.045003059284355,-0.639844622028588,9,1,14,-1.38748490610856,0
0.218955144111986,0.12689789774129,10,1,14,0.994639311614301,0
-0.506101154898344,-0.566954192678963,11,1,14,-1.84150692603032,0
-0.196005532413407,0.41787726710794,12,1,14,1.24554837776007,0
0.0743104888031452,0.0995403829122017,13,1,14,0.787012247126935,0
-0.361836911833549,-0.504667442077207,14,1,14,-1.4297927722455,0
-0.00259398664782711,0.0059271635595635,15,1,14,0.18584403177357,0
0.121237747799809,0.104186857869749,16,1,14,0.848803305115547,0
-0.337470417215139,-0.902585688368803,17,1,14,-2.87745284317304,0
0.20299055083696,0.106282365464511,18,1,14,0.823007892254503,0
0.014955731799276,0.466644936551566,19,1,14,1.66004936375502,0
-0.0895331178545048,-0.291295068177673,20,1,14,-0.730720874759782,0
0.268247172828871,0.127896566245382,21,1,14,0.924401805163092,0
-0.536365653498281,-0.319569759508285,22,1,14,-1.19990889872729,0
0.0582693110030443,0.126001790765213,23,1,14,0.830681993249958,0
-0.224409637588191,0.734483750613378,24,1,14,2.3214885417731,0
-1.09879390229946,-0.89146733016766,25,1,14,-3.63256185221251,0
-0.578468075042216,0.0186798975107544,26,1,14,-0.540382554998107,0
0.536951287276576,0.259867437149206,27,1,14,1.42467500938297,0
-0.0889161863709063,-0.30919705994363,28,1,14,-0.599086162814416,0
0.570058795487218,-0.0265785210386761,29,1,14,0.728759361798398,0
0.950049911725647,-0.602838019885866,30,1,14,-0.428786163970455,0
1.11541380935206,0.244766719355773,31,1,14,2.35154139809314,0
-0.143418198484347,0.184436576259071,32,1,14,0.871752844224698,0
0.13525707224671,0.121943213826178,33,1,14,1.06498714183497,0
-0.443257614680136,0.138494743217004,34,1,14,0.175110607437695,0
-0.218858962075783,-0.214587242618498,35,1,14,-0.413904274393587,0
0.492034882676273,-0.717556449792777,36,1,14,-1.26201173621217,0
-0.28578396365512,-0.514794648730941,37,1,14,-1.41297326823044,0
-1.01565709273261,0.152128196198218,38,1,14,-0.241875480760927,0
-1.45900193476873,1.03423707633586,39,1,14,2.09888881549666,0
0.456260316409783,0.462260599932177,40,1,14,2.20714658645585,0
-0.363455708222589,-0.225484520589135,41,1,14,-0.369260308293745,0
0.00589854406485927,0.51615220007376,42,1,14,1.97503732313441,0
0.506356298096823,-0.165474692791013,43,1,14,0.449276246765919,0
0.254639840966965,-0.340344646348909,44,1,14,-0.305504280088964,0
0.0814480212048548,-0.341012757708524,45,1,14,-0.791610867158544,0
0.114269245441652,0.0536205756260515,46,1,14,0.703671338675775,0
-0.508142301898004,-0.121170737233749,47,1,14,-0.39982867931216,0
0.965353776728564,0.776880334707968,48,1,14,3.89411038503062,0
0.0516499285968487,0.26329587493059,49,1,14,1.27906433955761,0
0.870924844796906,0.547271238242881,50,1,14,3.02586520010264,0
-0.235363692139908,-0.177302203106923,1,1,15,-0.234542520387716,0
-0.348459488475476,0.145004490796984,2,1,15,0.590764188631896,0
-0.0940582088744146,-0.582267665406296,3,1,15,-1.43311970968292,0
0.0126159063790469,0.193348697473558,4,1,15,1.09170408916002,0
0.0424695070136276,-0.65608888754683,5,1,15,-1.56990000368529,0
-0.709734892189564,-0.0972459731779904,6,1,15,-0.500929112613493,0
0.884059141413059,-1.18300831187226,7,1,15,-2.14944912781081,0
-0.206531902367054,-0.609436334721519,8,1,15,-1.47140006374092,0
-0.0743943684644305,0.194407599378826,9,1,15,1.10238084257356,0
0.382179170683849,-0.299883805491033,10,1,15,0.00948348844823636,0
-0.504188294990421,-0.101377018575078,11,1,15,-0.165254239086116,0
0.355412761319984,0.295914277455054,12,1,15,1.72869314333228,0
-0.460389519216887,-0.226896392039704,13,1,15,-0.718535783581005,0
-0.50449927597527,0.200125375316474,14,1,15,0.515322781352377,0
0.517196372187356,0.53000139666086,15,1,15,2.47463644414534,0
-0.136776229635331,0.214883199898369,16,1,15,0.788323814357126,0
0.579900776066718,0.233474170131384,17,1,15,1.54841323836241,0
0.280580946374329,-0.495949970875691,18,1,15,-0.934183909901951,0
-0.198739086554532,0.108276313551233,19,1,15,0.454898520730512,0
-0.103226025866623,0.145294831129912,20,1,15,0.796641822353214,0
0.287191376156246,-0.142490493008607,21,1,15,0.188201131208253,0
-0.651243075181765,-0.288413353849174,22,1,15,-1.1394466683789,0
-0.427802280467229,-0.571523502258511,23,1,15,-1.96873472360608,0
-0.720129555120503,0.715517017716112,24,1,15,1.85032287550939,0
0.432005663392337,-0.471986361744666,25,1,15,-0.592764549084112,0
0.453976235641052,-0.454587004906369,26,1,15,-0.481735204655807,0
0.700352204088902,-0.388184845639183,27,1,15,-0.112556389866901,0
0.23554084744649,0.209667473112128,28,1,15,1.30631101649799,0
0.139862836794301,0.240861351173727,29,1,15,1.14387090172471,0
-0.364997645147522,-0.0196598353275587,30,1,15,-0.083268114991417,0
1.19997224763461,0.795151845901557,31,1,15,3.96712791403489,0
-0.260691937206111,-0.710671462214423,32,1,15,-2.53487602379048,0
0.555952517420034,-0.0874839208846272,33,1,15,0.725617946281764,0
-0.0903371338309843,-0.0382746652693651,34,1,15,0.339575999680683,0
0.207917508196729,-0.161927233834341,35,1,15,0.23092904924979,0
-0.419432627971201,-0.87034753905737,36,1,15,-2.50800676475489,0
-1.50186333934561,0.933645573173164,37,1,15,1.64265219329941,0
-0.205386148587264,-0.209731622337564,38,1,15,-0.406701234224751,0
-0.00699282164870088,0.810527064142,39,1,15,3.12436004025653,0
-0.0297146854804894,-0.252120359850982,40,1,15,-0.436178615767058,0
-0.470673856754592,0.149876288405274,41,1,15,0.512006997386441,0
0.288276054707643,-0.268841509144505,42,1,15,0.0325319374952233,0
1.30296268174475,0.101527126892293,43,1,15,2.04856476367772,0
0.233413766523173,-0.101602335156076,44,1,15,0.38183509352935,0
-0.330835128831393,-0.515078152514203,45,1,15,-1.32482156253757,0
-0.727622605457293,-0.0470993403113659,46,1,15,-0.370606748295583,0
-0.432042774623001,0.0492198122975305,47,1,15,0.246748159719704,0
-0.0600382822668241,0.11614367981458,48,1,15,0.749191916444497,0
-0.0704373455445434,0.0398668606682859,49,1,15,0.558233663271749,0
-0.312196555958816,-0.286858880710257,50,1,15,-0.696315081828106,0
-0.451294127382915,0.405620679689781,1,1,16,1.19373395192166,0
0.228774078715958,-0.37125826039209,2,1,16,-0.402932383150598,0
0.160414561758753,-0.632351268352739,3,1,16,-1.27341603419049,0
-0.567809676784342,-0.44278347504502,4,1,16,-1.53218015104914,0
-0.712487987561258,-0.300494632767691,5,1,16,-1.09990662794246,0
0.234109818403619,-0.126354670777913,6,1,16,0.444084712283271,0
0.0914353531931535,-0.591400699002211,7,1,16,-1.10593680994892,0
-0.508333952494062,-0.381058049226837,8,1,16,-1.59078057543261,0
-0.443886584137949,-0.223806521904267,9,1,16,-0.663022615951094,0
0.0860439128792608,0.173859643276085,10,1,16,1.17799084973036,0
0.76057979021875,-0.304350909867962,11,1,16,0.331129228783101,0
-0.947411260532915,-0.421921093649086,12,1,16,-1.78455458857257,0
0.595560810918353,0.0683950025743523,13,1,16,1.37377778687366,0
0.365256910638353,0.692409360397381,14,1,16,2.78770102956766,0
-0.801291592173042,0.544446319687852,15,1,16,1.35669831951676,0
0.00920896010277019,-0.770180638493168,16,1,16,-1.83202393009925,0
-0.019191293547956,-0.258684657181264,17,1,16,-0.484278112568656,0
0.381841645341004,0.520954733695767,18,1,16,2.37993950026051,0
0.845887256068957,-0.215183839632477,19,1,16,0.546320654515969,0
0.609432961368068,-0.344262431124487,20,1,16,-0.153058741265002,0
-0.00770873108893896,-0.189081397283954,21,1,16,-0.150021255482618,0
-0.114810088517047,-0.229029339689572,22,1,16,-0.45052004501429,0
0.398454195167706,-0.327358821535964,23,1,16,-0.261546279539632,0
0.467388959845243,-0.481546289641253,24,1,16,-0.64537611025096,0
0.322663974081252,-0.143102199050933,25,1,16,0.303326573109062,0
-0.159416441222763,0.0180176043150615,26,1,16,0.676133836599819,0
0.0390354614762602,0.187421803824571,27,1,16,1.01362874833057,0
-0.357342749735269,-0.162630653896437,28,1,16,-0.269468694157042,0
0.388659330938107,-0.153643136383556,29,1,16,0.333728958438105,0
0.283568476197137,1.02221176306536,30,1,16,3.79839625747013,0
-0.34620078965828,0.308867750043229,31,1,16,1.12408023908957,0
1.36960860967198,-0.0369978613655819,32,1,16,1.89619574067455,0
-1.20898845398854,-0.803396175775852,33,1,16,-3.19465143339895,0
-0.120119809988484,0.538069382705864,34,1,16,2.07894113658869,0
0.847557825300054,0.296531173060993,35,1,16,2.48212405619953,0
0.458207693624779,0.0149036533353385,36,1,16,0.995291907582591,0
-0.328594413553523,-0.134148896403023,37,1,16,-0.332040284787053,0
0.762434790453482,0.0866285329470953,38,1,16,1.55701638403472,0
-0.504941173613338,-0.548711371411085,39,1,16,-1.80101742075289,0
0.566450842028537,0.957081032278018,40,1,16,4.08164866725502,0
-0.478252647603756,0.452269544636141,41,1,16,1.32591849969401,0
0.186430887578179,0.175480239098205,42,1,16,0.930322654882139,0
0.205200301433191,1.44337090036707,43,1,16,4.94670692345091,0
0.775932488390455,0.179907899186611,44,1,16,1.7802547155365,0
-0.15467677030994,0.010556272251302,45,1,16,0.241153004552828,0
-0.6079622526011,0.709190684506376,46,1,16,1.89446952376634,0
-0.568682908616181,-0.0917632073495075,47,1,16,-0.288887676245362,0
0.406252525581132,0.0158345546362213,48,1,16,1.32780827788114,0
0.402443746908438,-0.31598084414086,49,1,16,0.239536331274444,0
-0.475398674011168,0.791105973897469,50,1,16,2.21863990338671,0
0.273920621040627,-0.651968254961207,1,1,17,-1.01826456788077,0
0.0396520289704474,0.0558595134499371,2,1,17,0.588216781445783,0
0.710149005675655,0.796548551452366,3,1,17,3.40029025961566,0
0.357476383656023,1.1632636168525,4,1,17,4.46304960093576,0
-0.727055560079663,-0.0377876710230244,5,1,17,-0.26076378247206,0
0.664961957540059,0.412548739630558,6,1,17,2.54056507616269,0
0.215510916059303,-0.231984233017855,7,1,17,-0.0101262701839667,0
-0.163011353523152,-0.662428243763757,8,1,17,-1.55624142068646,0
-0.388045743159224,-0.115212097942738,9,1,17,-0.208643078587547,0
-0.317989272281264,0.609264716529693,10,1,17,1.93277944437568,0
0.331634930414889,-0.0606847564987524,11,1,17,0.652732080714166,0
0.679164364425283,0.172109588877178,12,1,17,1.88392890750578,0
0.490468160174434,0.541028821818009,13,1,17,2.46761210751257,0
0.0426048662959105,0.0964779655666777,14,1,17,0.846692814428132,0
0.16121698435191,-0.0921061146514907,15,1,17,0.224812884098193,0
-0.768716546084303,0.703768950880604,16,1,17,1.68015732057766,0
-0.248863629741273,-0.233314978521034,17,1,17,-0.377540390863928,0
-0.125625811965723,-0.522598996323027,18,1,17,-1.46833189778613,0
0.377558565448552,-0.177609314310224,19,1,17,0.256076022002644,0
-0.0195721302669804,-0.141596828659099,20,1,17,-0.141279951848797,0
0.0299771656413499,0.0523615208689605,21,1,17,0.519583727101736,0
-0.328327359398521,-0.100159085021543,22,1,17,-0.372922579480996,0
-1.23210539794671,-0.0604793150919345,23,1,17,-1.15534018205032,0
0.187988363009959,-0.800072155543231,24,1,17,-1.89166954986989,0
-0.59697764861028,-0.153652864646303,25,1,17,-0.588835638266787,0
-0.683578873470084,-0.169127926507241,26,1,17,-0.637639568249944,0
-0.555543456317812,-0.306844424093086,27,1,17,-1.0005121112251,0
-0.512698577416249,0.270949451014357,28,1,17,0.62886335914535,0
-0.0335369412770774,0.39343525558721,29,1,17,1.54197588278725,0
0.887645156684964,-0.308416741558118,30,1,17,0.5933625089798,0
-0.0811145650110532,-0.442740493918001,31,1,17,-0.873449161387347,0
-0.238869414664272,0.846278931979539,32,1,17,2.78557460859013,0
0.492488815035575,0.161850492956926,33,1,17,1.38660424648419,0
-0.468098483229679,0.435616109091856,34,1,17,1.37109104978595,0
0.183560978347028,0.400648496701464,35,1,17,1.87354899498052,0
0.496358923957623,0.367961575376909,36,1,17,2.07904257064612,0
0.0562111670648824,0.0519669517928337,37,1,17,0.714679120661639,0
-0.313282112273258,0.756195190799726,38,1,17,2.3212410371225,0
-0.288253950483101,-0.110660972095052,39,1,17,-0.107291776140698,0
-0.337206595874432,-0.362266396552984,40,1,17,-0.99886581279432,0
0.238653097886428,-0.331963140041766,41,1,17,-0.281867576898005,0
0.0122106207176569,-0.217635168095409,42,1,17,-0.403567043837588,0
-0.175247482101289,-0.511102869539613,43,1,17,-0.955166447239578,0
0.287482638998221,0.0226217378170068,44,1,17,0.761597644799651,0
-0.985075117080041,0.225941111120555,45,1,17,0.140824752414986,0
-0.373050078320105,-0.339663467946786,46,1,17,-0.792879995387538,0
0.633389255370015,0.00726372158011451,47,1,17,1.08506548870155,0
0.188797729739195,-0.175958321922043,48,1,17,0.168543205447598,0
-0.351401983484327,-1.01468333222982,49,1,17,-2.9181905248284,0
0.417364021698722,0.75502953347583,50,1,17,3.22886870808051,0
-0.367603889721528,0.116729033971547,1,1,18,0.330308292005722,0
0.239796710574625,0.266662760603617,2,1,18,1.60402451326563,0
-0.594980956911636,-0.7535118056729,3,1,18,-2.19130898942044,0
-0.308421712349614,-0.514638605021155,4,1,18,-1.481527286994,0
-0.904658240183966,0.0702676194712397,5,1,18,-0.25651603986335,0
1.15235851809106,-0.493814785173992,6,1,18,0.263171522359216,0
-0.11440904440252,0.0794192883890339,7,1,18,0.425792042171593,0
0.141751061085562,-0.00803710923231218,8,1,18,0.727063070754626,0
0.314613755349663,-0.362585192638571,9,1,18,-0.431405923251094,0
0.131817447720529,-0.516316772566271,10,1,18,-0.8484877387352,0
0.0356081704767808,-0.0037476454670749,11,1,18,0.370998527535995,0
-0.45589898694191,-0.112093962636386,12,1,18,-0.36038984698485,0
-0.361714301270346,-0.110139824586367,13,1,18,-0.315726278592402,0
-0.213982962707053,0.0581651001348471,14,1,18,0.366276430420454,0
1.1560134524834,0.428040512930342,15,1,18,2.624157939537,0
1.27066841847694,-1.4090527706319,16,1,18,-2.58255283879772,0
-0.0827304806074223,-0.226622857509228,17,1,18,-0.375061073022148,0
0.290137082687568,-0.503987793675848,18,1,18,-0.89032216512787,0
0.261941819547459,-0.0832109941095499,19,1,18,0.903949032389277,0
0.0394113905610306,0.707155756915567,20,1,18,2.63948469705465,0
-0.458829022748297,0.505451418175198,21,1,18,1.39119924658735,0
0.19076102655849,0.0668625987619679,22,1,18,0.739962496862956,0
-0.237295781646428,-0.124954231713407,23,1,18,-0.309719107834349,0
-0.125635720846607,-0.639392976030673,24,1,18,-1.69939593363788,0
-0.0174480348971604,-0.423912802485784,25,1,18,-0.905142121262066,0
0.278152292258782,-0.480372967288406,26,1,18,-1.0917786490198,0
0.464915917455739,-0.34860417069996,27,1,18,-0.0589285580486356,0
-0.315628139920683,0.743922009321098,28,1,18,2.58009759150394,0
-0.563898868229041,0.618058518187868,29,1,18,1.61670234848584,0
-0.642839522441477,-0.707087631801579,30,1,18,-2.28282586584714,0
-0.0287789703076483,0.437729381780538,31,1,18,1.73294295216269,0
-0.00203731225216242,0.204193055965854,32,1,18,1.05031818541613,0
0.00196216146778092,-0.227395024277808,33,1,18,-0.190750472480877,0
0.665296746719523,-0.425001455444796,34,1,18,-0.102513275956936,0
0.799395427889139,-0.434147343856549,35,1,18,-0.244086790679031,0
-0.0146326125229814,0.344492499803729,36,1,18,1.43264753382692,0
-0.208200960067342,0.599243122394713,37,1,18,1.93090774034793,0
0.705525501788534,0.285413814630371,38,1,18,2.10193691316167,0
0.251854498255628,-0.426603391605641,39,1,18,-0.693194588780931,0
0.109107602334754,0.623243807616587,40,1,18,2.36507473690158,0
0.0520500449180243,0.766557345410248,41,1,18,3.20476547421355,0
0.538229940493223,-0.319451356356125,42,1,18,0.063426387238549,0
0.307006232742578,0.595439898557402,43,1,18,2.71906810363169,0
0.152733839516804,-0.149585097338581,44,1,18,0.132109880929526,0
1.26292990706722,-0.758310741208405,45,1,18,-0.531302921607367,0
-0.620036971118116,-0.328055582450784,46,1,18,-0.895765164992763,0
0.00264298894040839,-0.444276760645003,47,1,18,-0.930381622577608,0
0.239502826686598,0.0572241604510569,48,1,18,1.00166472494517,0
0.820436850472239,0.277069258201251,49,1,18,2.19148207441396,0
0.548421852971459,-0.528287544657982,50,1,18,-0.503345873532225,0
0.737931598202425,-1.13044568601155,1,1,19,-2.02859098537416,0
-1.18019579856861,-0.204574987940865,2,1,19,-1.1564672401984,0
-0.464222090477921,0.714980868058772,3,1,19,2.04863383990297,0
-0.477728455657025,0.500508976959744,4,1,19,1.375229417674,0
-0.731473586347008,-0.0414724438620131,5,1,19,-0.258050202819295,0
0.425714439867706,-0.113946317005685,6,1,19,0.608195798150558,0
0.196998331873454,0.482615846122751,7,1,19,2.16817749414856,0
-0.00578436817610305,0.689159781638911,8,1,19,2.47484927456041,0
-0.657919880250098,-0.210592594059391,9,1,19,-0.501431988249204,0
0.278995740458115,-0.314144108088091,10,1,19,0.0767621356045702,0
-0.292213067824063,0.324145067389605,11,1,19,1.25675656673333,0
-0.0748182021998654,0.3930598333852,12,1,19,1.608656553266,0
1.16718832839366,0.112214026675644,13,1,19,1.93269834490909,0
-0.298180972301481,0.117955586815929,14,1,19,0.698988917515277,0
0.012956504496236,0.256973154489021,15,1,19,1.29497716336511,0
-0.212995082697287,0.366018398580622,16,1,19,1.35838091376266,0
0.127637605875321,0.25675635928714,17,1,19,1.28586707569675,0
-0.429844168945242,-0.478715435288807,18,1,19,-1.63407632407735,0
-0.237184283549284,0.609637335482135,19,1,19,1.66798422432017,0
-0.342054492204897,-0.51364792230238,20,1,19,-1.77645206213223,0
-0.262145804673238,-0.118126248075075,21,1,19,-0.462390584317769,0
-0.724394092607826,-1.01903201212676,22,1,19,-3.24058826863016,0
0.281520978566125,-0.233137774635531,23,1,19,0.0109948800286746,0
0.248430654455954,0.0610245350985984,24,1,19,0.789397259807787,0
-0.356394110338803,-0.579452989657459,25,1,19,-1.67118400271063,0
-0.353014039888461,-0.794788436039665,26,1,19,-2.37752699326329,0
-0.703463866430126,0.189239822584394,27,1,19,0.344943452786496,0
-0.185389210454659,-0.557379548636905,28,1,19,-1.39927182215461,0
-1.11413527989946,0.360459857767975,29,1,19,0.396012763447983,0
0.874874243286963,0.222356251493639,30,1,19,2.32099822931143,0
0.0870243513969945,0.735147409009333,31,1,19,2.67806493302043,0
-0.0824443402557976,-0.493164238628281,32,1,19,-1.17515687359952,0
-0.46207348756245,-0.304322682956082,33,1,19,-0.8815860313837,0
0.220312598118286,0.664156342976515,34,1,19,2.73712925802219,0
-0.103913089677017,0.369364144622749,35,1,19,1.4842409713008,0
-0.179195268474067,-0.216988732712977,36,1,19,-0.364087142299225,0
0.311194905313782,0.722999328622717,37,1,19,2.83395066356951,0
0.629067106246737,0.119101639057731,38,1,19,1.4049126290251,0
-0.237044756010969,0.0348219813513464,39,1,19,0.254651768446682,0
0.422676042465314,0.583211371417043,40,1,19,2.69424431984541,0
-0.218492554888623,-0.137801378174375,41,1,19,-0.215044608678939,0
0.00536159691398345,-0.0977360231730632,42,1,19,0.214213582716852,0
-0.376633785600582,0.321232810520328,43,1,19,1.01146251421669,0
-0.135804262323151,-0.727475600997771,44,1,19,-2.02105900300725,0
1.30454600271642,-0.181004074905752,45,1,19,1.2572394062593,0
-0.853531003390029,-0.565504813417849,46,1,19,-1.93562286091461,0
-0.968795096698754,-0.980708281818643,47,1,19,-3.5194019090872,0
-0.604894155091761,0.142913514353298,48,1,19,0.286743084398164,0
0.272057884817238,1.0217658219027,49,1,19,3.62933808793336,0
0.904623111820674,0.0420457321841751,50,1,19,1.23310322791495,0
0.252911567399151,0.0875530502095267,1,1,20,0.802328265366056,0
0.222004045166737,-0.0231715909256647,2,1,20,0.36133497595213,0
0.654776233916999,0.7137388903848,3,1,20,3.10196370991701,0
0.0677802144012891,0.336625197629252,4,1,20,1.51562123396926,0
-0.069033752425187,-0.0585490100756324,5,1,20,0.360217160033646,0
0.260919288575612,-0.577173281738729,6,1,20,-0.965756024800916,0
-0.262937319612859,-0.423878013052729,7,1,20,-0.992730540642693,0
0.0181336915594727,0.426241844603942,8,1,20,1.87707447258657,0
0.44936763374547,0.223041221604099,9,1,20,1.68031576308315,0
-0.161752861666953,0.719013734498872,10,1,20,2.42684819535531,0
0.507319900126243,-0.00310334895800237,11,1,20,1.01002555591684,0
-0.200570027180677,-0.40542522464076,12,1,20,-0.826732626034597,0
-1.27561325801732,-0.328847314772803,13,1,20,-1.73354792506806,0
-0.372800914861071,-0.279806612121079,14,1,20,-0.766701613857314,0
-0.254985192361403,-0.485923555453256,15,1,20,-1.1169469536747,0
-0.652558654649833,0.052587327347799,16,1,20,-0.227717941114771,0
-0.257015375323631,-0.716384840956316,17,1,20,-1.95302412416033,0
-0.120846555645075,-0.115338761841056,18,1,20,-0.133953055904695,0
-0.00987475193981112,-0.213093194109318,19,1,20,-0.21259094194422,0
0.0541045098323143,-0.596754815845479,20,1,20,-1.46751905506498,0
-0.525211493147675,0.741904482914132,21,1,20,1.96510757920333,0
-0.489056560536658,0.169295390012635,22,1,20,0.354598487425165,0
-0.276444597533436,-0.601284546751118,23,1,20,-1.69282487125671,0
0.0463356874146112,0.311461044603983,24,1,20,1.38522851616878,0
1.30951389525237,-0.394629448955184,25,1,20,0.447560061991014,0
0.5746290426021,0.0303719443330718,26,1,20,1.0057764694965,0
-0.245220774142971,-0.937828548404485,27,1,20,-2.55705201326748,0
0.251832756558789,0.750900865885939,28,1,20,2.90886821501183,0
-0.289239496081101,-0.348208235456668,29,1,20,-0.949234193143378,0
-0.629167977568496,0.0106629622703201,30,1,20,-0.34262930076102,0
0.222431747132373,-0.254976623458374,31,1,20,-0.122837175952805,0
0.601531543651068,-0.861234131861345,32,1,20,-1.49218302605868,0
-0.219282246074475,0.600030945755596,33,1,20,2.00713023354093,0
0.138457436152297,-0.842394420596389,34,1,20,-1.79902605138545,0
0.244228503739583,-0.237209959682532,35,1,20,-0.199007757155768,0
-0.223709275301918,-0.496220546335687,36,1,20,-1.39361999864659,0
0.740728194673584,-0.140253234086158,37,1,20,0.904594880939743,0
0.803955167070007,-0.135128162147967,38,1,20,0.895617705297686,0
-0.288544395048748,0.274827661068423,39,1,20,1.22657402194426,0
-0.171326804911665,-0.36093154700417,40,1,20,-0.8286237463794,0
0.185164030048536,0.00250845978524433,41,1,20,0.904521998739658,0
0.301374709330776,-0.321072353544557,42,1,20,-0.327717966059913,0
-0.197821714251182,-0.564997366581313,43,1,20,-1.26553765732936,0
0.818426792812392,0.0322907755492343,44,1,20,1.45038046474413,0
-1.20966672408131,-0.722279891073492,45,1,20,-2.88972615463849,0
0.258182668284062,0.123178929989173,46,1,20,1.03329538481224,0
0.773041027415094,0.390770798166884,47,1,20,2.46868273447497,0
1.27182934528337,-0.954881752928776,48,1,20,-1.1820190271762,0
0.408568246279532,-1.20711870940686,49,1,20,-2.39826823920689,0
-0.631801204655075,0.290861915221807,50,1,20,0.719418615473644,0
0.346331921503715,-0.714905464314239,1,2,21,-1.38177557234346,0
-0.162494732839791,-0.00916470200541879,2,2,21,0.316405310253967,0
0.0576729372181852,-0.47603023026219,3,2,21,-0.918420857319972,0
0.318984390759465,0.473091781786404,4,2,21,2.14019846714631,0
-0.502795943978488,0.0972537766050223,5,2,21,0.0380921627549181,0
1.60064664974273,0.235490428204289,6,2,21,2.49018364277773,0
-1.22348006764987,1.1680246138042,7,2,21,2.62657596467785,0
-0.549151503951193,0.0717820573118182,8,2,21,0.247216227669973,0
-0.412565981581838,0.0325548647690508,9,2,21,0.313915004887756,0
0.119464934985486,-0.365977614023492,10,2,21,-0.620695621801918,0
-0.113471754635513,0.115898139304892,11,2,21,0.753796797978393,0
-0.288791227999589,0.0465358957336062,12,2,21,0.234666145514892,0
0.451254556168853,1.15889785955625,13,2,21,5.15416531174368,0
0.321444106394131,-0.174198491069533,14,2,21,0.309069898940326,0
0.695228988194339,0.0492123070377748,15,2,21,1.0766535705415,0
-0.303821930544186,0.554346717761488,16,2,21,1.91139478412514,0
0.524888590934259,0.104438537521719,17,2,21,1.21760750379435,0
-0.117690529559019,0.112015004296311,18,2,21,0.66347362041555,0
1.56899043203443,0.205647942112092,19,2,21,2.71922859577637,0
-0.0965797958919786,0.040787234772844,20,2,21,0.428473489919831,0
0.153039798905674,0.223680029322068,21,2,21,0.990806111028232,0
-0.612188133708733,-0.508015748623358,22,2,21,-1.56293591681255,0
-0.14746369616331,0.70719710954507,23,2,21,2.37293889803026,0
-0.98216309926024,0.0543606351687827,24,2,21,-0.364255846788646,0
1.39732482657331,-0.277052227200179,25,2,21,1.24140056238314,0
0.689849809321747,0.674463089397012,26,2,21,3.1665906562607,0
0.398230423332984,-0.00962018543450096,27,2,21,0.692105964746415,0
0.167289648002945,-0.0772000309797232,28,2,21,0.564054994387706,0
-0.82064554668124,1.16125811156217,29,2,21,3.01946921831585,0
0.494734582970976,-0.48685353199784,30,2,21,-0.729840826609602,0
-0.0213455866625513,-0.498758464310291,31,2,21,-1.21197171921505,1
-0.158872516056028,-0.270419916855018,32,2,21,-0.676153005611145,1
-0.405363493365037,-1.0546302150723,33,2,21,-3.18544121460665,1
0.380377428082844,0.0946028439473849,34,2,21,1.24564772991352,1
-0.420774901194656,0.127851006637522,35,2,21,0.374672473161697,1
-0.16266882245155,-0.190978751027827,36,2,21,-0.148244528029171,1
-0.418892836828299,-0.365538609971154,37,2,21,-1.05463112810739,1
-0.712984282737738,0.424107943219172,38,2,21,1.35708772961252,1
0.138406496031147,-1.08511276703316,39,2,21,-2.24028238091343,1
-1.16026372254565,1.417596549562,40,2,21,3.65775747485066,1
-0.45580282927945,0.21302403238794,41,2,21,0.77293523019828,1
-0.289571976553259,-1.05806284584391,42,2,21,-2.88861408718309,1
0.0303048493000099,0.538458951398083,43,2,21,2.10544279636144,1
-0.459164438605981,-0.656967442737406,44,2,21,-1.88544503289789,1
0.30974418377346,0.0119437740954453,45,2,21,1.10536207105575,1
-0.811297309080402,-0.388412354095044,46,2,21,-1.39104049762218,1
0.0541989621210054,-0.114683024639286,47,2,21,0.471630886474996,1
0.643805289941707,0.447919495197066,48,2,21,2.6256436297656,1
-0.246588800976174,-0.204473914345814,49,2,21,-0.082469000643087,1
-0.159596915947213,-0.166698021755651,50,2,21,-0.145225459467192,1
0.0674406663793282,0.198397545574985,1,2,22,1.07149101526211,0
0.0486029555265541,0.606340406461313,2,2,22,2.3093770517274,0
1.41406320599082,-0.231234532478206,3,2,22,0.794039312717379,0
-0.183488382694913,-0.421108156561337,4,2,22,-1.10699072049953,0
-1.36665217033343,0.635525312903273,5,2,22,1.23231231207192,0
-0.165226670436571,-0.117090685806966,6,2,22,-0.312290332405467,0
0.0776226960437995,0.281229998655703,7,2,22,1.54872692025135,0
0.187841306496603,-0.630512871267581,8,2,22,-1.12532243745925,0
-0.287750311056341,-0.164225882056781,9,2,22,0.157411825072851,0
-0.3342714282917,0.372478667763682,10,2,22,1.50768286988262,0
0.322027193759115,0.238590922539226,11,2,22,1.6083434624703,0
1.00192703305229,-1.01089533366198,12,2,22,-1.55768004635801,0
0.113567265641382,0.456275238736843,13,2,22,1.968376779907,0
-0.0965746235284126,0.200877035856008,14,2,22,1.00340639068851,0
-0.728781873730924,0.336111807767612,15,2,22,0.771649568801809,0
-0.940975544901291,-0.309663071527969,16,2,22,-1.37697994669075,0
-0.14850695379546,-1.38450708991833,17,2,22,-3.79004618857225,0
-0.25923627999067,0.0971470489572685,18,2,22,0.575014786725834,0
0.776361065003772,0.194235940986581,19,2,22,1.59624310794217,0
-0.0909160302587418,-0.938998490061002,20,2,22,-2.35447971787044,0
-0.0287949041322156,-0.503636629297544,21,2,22,-0.962359759532024,0
-0.538526278047572,-0.0606019137729282,22,2,22,-0.336419874024081,0
0.0624756426127774,-0.155158059202905,23,2,22,-0.0181664929249718,0
-0.200553978145216,0.457680448962305,24,2,22,1.71070353158026,0
0.314565392598462,1.55490992768702,25,2,22,5.32050641982888,0
-0.0089366176345,0.63787296440117,26,2,22,2.39823302893234,0
0.160360475969232,0.488462695299099,27,2,22,1.93395305917486,0
-0.605464085913619,1.09724227903622,28,2,22,3.31785326990705,0
0.38847331901653,-0.0342459281834235,29,2,22,0.598021255249368,0
0.139469880779644,1.25856783675466,30,2,22,4.35177348711379,0
-0.0991198150348424,-0.28006170869793,31,2,22,-0.541285370471821,1
-0.203084518375581,0.286512326369608,32,2,22,1.33924721008172,1
0.675607865394891,0.403675696938328,33,2,22,2.38137758539394,1
0.0684801242595522,0.13662927842957,34,2,22,0.689450099197886,1
0.129039405568023,0.735175720560628,35,2,22,2.71965319603395,1
0.702795386691422,-0.150443306124778,36,2,22,0.78619749500381,1
0.932420252167344,0.0670773487297674,37,2,22,1.63065851817632,1
0.501472829003356,1.00881473228879,38,2,22,4.0302937743577,1
-0.136210843241815,-0.64610304526088,39,2,22,-1.66230119906173,1
-0.00470625925150536,0.865738911957088,40,2,22,3.32287219991229,1
-0.759899369563901,-0.500297841469331,41,2,22,-1.81768729810183,1
-0.887657771896443,-0.0728384292792607,42,2,22,-0.697396791304999,1
0.193021920369403,0.712106469057692,43,2,22,2.83599568395447,1
0.873835875757959,0.588832467199022,44,2,22,3.18162305996105,1
-0.230065214814525,0.196448111027053,45,2,22,0.923389624050342,1
-0.738403473571564,-0.508344994781738,46,2,22,-1.60148941850155,1
0.635881718940107,0.155892039905072,47,2,22,1.78451594677126,1
0.0721547406065653,-0.802309878762947,48,2,22,-1.76473256271433,1
-0.221622382263669,0.456755080627419,49,2,22,1.86435664817439,1
-0.679453477613101,-0.0435934365346442,50,2,22,-0.483338172665358,1
-0.534389943750966,0.238174037928866,1,2,23,0.535193792344739,0
0.55740274851922,0.219092940312088,2,2,23,1.79821343396616,0
0.137049280813276,0.933037888482998,3,2,23,3.2805626484028,0
0.530704879462225,-0.695417297973778,4,2,23,-1.03768983415561,0
0.846202483464851,0.452270242597424,5,2,23,2.6482066033086,0
-0.448177777261121,0.0973898929601998,6,2,23,0.26960842470061,0
-0.417039513840299,0.732628453897783,7,2,23,2.22817348814997,0
0.0850274014941251,-0.799199604925417,8,2,23,-1.81713027605786,0
0.01266279491741,-0.0555360174246582,9,2,23,0.435097392641595,0
0.271089983426811,-0.766730671747641,10,2,23,-1.32197968163414,0
0.100438709756095,-0.0847877262532119,11,2,23,0.507930949022607,0
-0.254821530870472,-0.463059742428922,12,2,23,-1.30436040923781,0
-0.175626121431476,-0.373448356074427,13,2,23,-0.73201202445508,0
-0.0628802416615208,0.383087778698038,14,2,23,1.3389440832469,0
0.333153199795816,-0.30553902665065,15,2,23,-0.105938277144933,0
0.194561727746096,-0.295017002831772,16,2,23,-0.25377668370698,0
0.103772043763468,1.22212496999788,17,2,23,4.35507072583762,0
-0.474881477125931,1.05840406060881,18,2,23,3.21196951801405,0
0.031228508409264,-0.738609514119074,19,2,23,-1.76199152401237,0
-0.200190412338857,-0.294855313372879,20,2,23,-0.78460982479232,0
-0.0889075963160862,-0.35188245886825,21,2,23,-0.760442605934628,0
0.311791550938426,-0.130443005007746,22,2,23,0.356636345905953,0
0.0545372835781205,-0.351567136497723,23,2,23,-0.578928800545076,0
-0.546955461302484,-0.247171122492981,24,2,23,-0.627139815481605,0
0.912889534220171,-0.734861423324353,25,2,23,-1.0330308318189,0
0.134005456791431,-0.00167191565706987,26,2,23,0.487133392778895,0
0.912496418153231,-0.139786617218738,27,2,23,0.943016173564538,0
1.10139098454061,0.15263964646671,28,2,23,2.06778160121217,0
0.186326603965069,0.142786141603386,29,2,23,0.893795975135945,0
-0.232686991596917,-0.0442704120058073,30,2,23,-0.0649141375067994,0
-0.183653977610215,0.409391540750228,31,2,23,1.59290057341728,1
0.31650973692843,-0.702681672920523,32,2,23,-1.28783324878107,1
0.331909762840057,0.43407037549343,33,2,23,2.11922973487441,1
0.272915357883938,0.833803462356341,34,2,23,3.16124494965984,1
0.0172771702671493,0.0775593443899209,35,2,23,0.77021689734879,1
0.484022122325812,1.14375222998209,36,2,23,4.29561843793112,1
1.00119301460015,-0.188027785116484,37,2,23,1.01144402218257,1
0.170746910055998,0.616959791597416,38,2,23,2.36942452647794,1
0.306832084201675,0.322043698111933,39,2,23,1.84516664660273,1
-0.0280298366549508,-0.0797820985459084,40,2,23,0.259051736903815,1
-0.0594345227597626,0.474603144647738,41,2,23,1.8726221429218,1
0.64576364783193,0.25965996762441,42,2,23,2.01275068533039,1
0.997058422841534,0.126015675075457,43,2,23,1.86133345207759,1
-0.241902975717598,0.269672845695315,44,2,23,1.1131737066541,1
0.190040604739147,0.170284866902531,45,2,23,1.27282435925496,1
0.338072295801325,0.574459567695676,46,2,23,2.38505825248212,1
0.0241587101242615,0.0960874105357936,47,2,23,0.944428658964708,1
0.763433685485927,-0.679583366264007,48,2,23,-0.419523710750005,1
-0.0561774800998159,0.270009580837203,49,2,23,1.14331132812907,1
-0.242862902500917,0.388629271287363,50,2,23,1.38643231981432,1
-0.0837960351444676,0.0259645666490268,1,2,24,0.275257677459429,0
-0.578531283849817,-0.0749882102517941,2,2,24,-0.501968497474853,0
0.0578437913554888,0.148214430388704,3,2,24,0.860305001703797,0
0.0281887674863044,-0.147633927739536,4,2,24,-0.0284025851280925,0
-0.141692753035765,0.214341201710796,5,2,24,0.991808361361369,0
-0.496974957108694,0.64052412930711,6,2,24,1.86837391638792,0
0.0392338674324928,1.55708533091808,7,2,24,5.47274446630824,0
0.569834002532495,0.414408087328109,8,2,24,2.26280882879881,0
0.281283350347114,-0.494779928823075,9,2,24,-0.538075200253258,0
-0.367468960841769,0.353740985857982,10,2,24,1.2621464966488,0
-0.0145174050037356,-0.647059746274113,11,2,24,-1.23667094133719,0
0.0444464996865251,-0.0257248300314063,12,2,24,0.345277633847419,0
0.26373213810404,-0.00261476416324144,13,2,24,0.748584848739624,0
-0.0369286765019111,-0.324851272556746,14,2,24,-0.498589783837269,0
0.112365109470355,-0.952418138002396,15,2,24,-2.35301126354017,0
0.0138827409937661,0.0132452016845808,16,2,24,0.504213817483699,0
-0.00814694754036904,0.0904445974008603,17,2,24,0.584456740124895,0
0.119796843746396,-0.304887177473816,18,2,24,-0.225021892918132,0
0.223129438117276,0.0099809262867268,19,2,24,1.0611317292203,0
-0.104821990043433,-0.246421520200256,20,2,24,-0.622353662155993,0
0.740945233922941,-0.194236104063573,21,2,24,0.683211205367776,0
-0.228947891906535,-0.290377640170591,22,2,24,-0.505061497017534,0
-0.559915997903982,-0.141596044579624,23,2,24,-0.581893034590308,0
-0.339151715743583,0.464781836279452,24,2,24,1.54040697598149,0
-0.0756214008193034,0.592420112944936,25,2,24,2.10837526382512,0
0.0168212136333289,0.220505991974337,26,2,24,1.25027551920027,0
0.0629188539656717,-0.858756866192219,27,2,24,-2.11790413192773,0
0.369806621566752,0.59036884971568,28,2,24,2.59079499183007,0
0.327040769669616,0.215346109381967,29,2,24,1.57261591926074,0
-0.244267832448017,0.427194217430822,30,2,24,1.50361912055838,0
0.732891981150874,0.635707130611013,31,2,24,3.13134370598446,1
-0.248518651746945,0.489138302695967,32,2,24,1.78985863633182,1
0.587983745889852,0.810565972399575,33,2,24,3.62833414396828,1
0.833792612231992,-0.189714642685613,34,2,24,0.929236075267301,1
-1.52536941681637,-0.0403760446959814,35,2,24,-0.904324144727787,1
-0.410755688537122,-0.187704602612605,36,2,24,-0.527519829812851,1
1.24329697105047,-0.942896163398953,37,2,24,-1.03383853277684,1
-0.476198816890421,0.080171014173272,38,2,24,0.277962525513852,1
-0.00627011426285294,0.695021308350822,39,2,24,2.55514046600496,1
0.115067274881962,-0.365395957741662,40,2,24,-0.723660807052806,1
-0.583676070674852,0.272295847796994,41,2,24,0.64116606723669,1
0.338980201900171,0.197282694737975,42,2,24,1.72619771362345,1
-0.743029117897193,0.294627957031277,43,2,24,0.522967757068667,1
0.0702068524197768,-0.922847476451307,44,2,24,-2.21996767603591,1
-0.149209087739905,0.543556891256139,45,2,24,2.02122390952642,1
0.874143213681826,-0.167876208762105,46,2,24,1.01002414707575,1
-0.108169898261544,0.857027223325146,47,2,24,3.09182878258325,1
-0.503303578583775,-0.0591104483692876,48,2,24,0.142183023829201,1
0.786546708013837,-0.160559014487407,49,2,24,1.06697378272281,1
0.515663694972088,-0.64694815874499,50,2,24,-0.54188036185477,1
-0.231442007840866,0.230182591094541,1,2,25,0.812265584520256,0
-0.237856311265723,0.38802588844824,2,2,25,1.33423972521682,0
-0.535183986396159,-0.0736069087698923,3,2,25,-0.44461690110656,0
0.0427063594819762,0.459033339312245,4,2,25,2.01337720343583,0
0.561071170475033,0.135117760055542,5,2,25,1.49004818176277,0
-0.935834412633117,0.244458694023046,6,2,25,0.31776291164979,0
0.65635502087947,-0.102781975360162,7,2,25,0.976500409970405,0
0.828731828961612,-0.621813841938623,8,2,25,-0.903350861121141,0
-0.0860482239601323,0.254760058183146,9,2,25,1.31416074994647,0
0.308194077359236,-0.366590581588399,10,2,25,-0.266655637013438,0
-0.496156963603828,-0.254942959305939,11,2,25,-0.694197368442756,0
-0.00984903975531584,-0.617043907913184,12,2,25,-1.37255602209146,0
0.437422959371343,0.501856818135686,13,2,25,2.61766944589449,0
0.561075258315257,-0.310333832961531,14,2,25,0.150976520105925,0
1.04937750013466,-0.329331976418505,15,2,25,0.540145537838246,0
0.00732800852558382,0.380803849981871,16,2,25,1.54857961781511,0
0.442698579573777,-0.357336815030224,17,2,25,-0.129613103155728,0
0.279366556122567,-0.0650069805284619,18,2,25,0.517965528743415,0
0.108055508937321,0.422497961636598,19,2,25,1.89727848495242,0
-0.0518770855741898,-0.272834001644037,20,2,25,-0.398677194528247,0
0.0657553902388742,0.145588108423703,21,2,25,0.532572076949078,0
-0.280879542145584,-0.161974695847709,22,2,25,-0.364061094176423,0
0.236474617491155,0.297409615767945,23,2,25,1.66269525163261,0
-0.985021443468295,-0.779432289843216,24,2,25,-2.87112979392853,0
0.549445849718344,-0.583011591102259,25,2,25,-0.702281279094008,0
0.194188734796018,-0.0854105283835115,26,2,25,0.429663087133796,0
0.641642141171544,-0.0546557134208333,27,2,25,1.0975579195816,0
0.255510110726347,0.0208992727206069,28,2,25,0.810471538968183,0
-0.00899042586711327,0.414766650754251,29,2,25,1.82028121563523,0
0.332905396707203,-0.291670292624324,30,2,25,-0.180633897368971,0
-0.893387114717872,0.195303375295646,31,2,25,0.252636055625922,1
-0.364092427555383,-0.549041616834357,32,2,25,-1.99032527640933,1
-0.203624178040423,-0.831387895917416,33,2,25,-2.47791862058351,1
0.868736449117982,-0.702248639283892,34,2,25,-0.774505663746927,1
0.0276348151091549,0.226380158819247,35,2,25,1.10712519859647,1
-0.900223130463836,-0.513040420279643,36,2,25,-1.77333666981877,1
-0.712675111237581,0.215123872954689,37,2,25,0.55884920569457,1
-0.4875579731338,-0.196992064947077,38,2,25,-0.490613589076956,1
0.0381211079492834,0.144264671849795,39,2,25,1.00625245994698,1
-0.664968958666004,-0.629652295460018,40,2,25,-2.02032849395265,1
-0.518998184879951,0.113412339694526,41,2,25,0.37103875640319,1
-0.539838160362556,0.094310879847124,42,2,25,0.314253340914979,1
0.455152734354177,-0.679460253922152,43,2,25,-0.919519706495486,1
0.297059940245251,0.649434570442962,44,2,25,2.46503414656396,1
0.160966363977106,-0.163128388931575,45,2,25,0.214554737576035,1
0.13637251195821,0.182329464649136,46,2,25,1.41858466399536,1
0.651969589364746,0.442257238644457,47,2,25,2.51464416377734,1
0.105725893188799,0.224544328768374,48,2,25,1.49934862792438,1
0.450454547677399,0.102210578136226,49,2,25,1.35471240070274,1
0.458152204980637,-0.224651900666821,50,2,25,0.430789093706177,1
-0.631782115581297,0.251866049237215,1,2,26,0.409040777384671,0
0.261292480610082,-0.0374812446232592,2,2,26,0.57617667834022,0
-0.354851053714423,0.0143310191415359,3,2,26,0.11752254790054,0
0.918010627959885,-0.0635139761583671,4,2,26,1.11837210573022,0
-0.153474229293872,0.734616404537626,5,2,26,2.34687114247707,0
0.748934653743864,-0.0981636128994729,6,2,26,1.0419625855151,0
-0.0675621836265426,0.0160893570121907,7,2,26,0.476748623799932,0
0.169123972820777,0.0722797779731725,8,2,26,1.14054610183503,0
-0.324076612533268,-0.365415883813388,9,2,26,-0.609915253714014,0
-0.114399158118697,0.804944604909986,10,2,26,2.6515333456851,0
0.991788990301443,-0.318042275721251,11,2,26,0.599009521910746,0
-0.369036791772381,0.197530513104728,12,2,26,0.754652438222749,0
1.53404883084784,0.353385806769154,13,2,26,2.97940012249314,0
-0.1264720745674,0.294214977991461,14,2,26,1.52718732483089,0
0.239722696819895,0.471819326937194,15,2,26,2.10069456216804,0
0.738329184372203,0.0675774530272069,16,2,26,1.50557821473429,0
0.850140135630497,-0.816326063106241,17,2,26,-1.09524656031591,0
0.175168319859538,0.205339428938208,18,2,26,1.07218244100165,0
-0.0825065045207657,-0.672434292176423,19,2,26,-1.66565975747017,0
0.665390484017811,0.240411961348428,20,2,26,1.5801606006069,0
-0.0260158922600156,0.530409838367766,21,2,26,2.04328955081883,0
0.0681037887372353,-0.718472178846916,22,2,26,-1.68532603726901,0
0.88931854749849,-0.752252480140635,23,2,26,-0.890176107683066,0
0.153604853858927,-0.745299627186447,24,2,26,-1.47357797685302,0
-0.175319133321087,-0.710494737193814,25,2,26,-1.80936682573013,0
0.34454928286001,-0.477476130750285,26,2,26,-0.589973937072609,0
0.470141343083434,0.582914771721302,27,2,26,2.82175878734594,0
0.304775210404966,0.0253613330246458,28,2,26,0.773109193552607,0
-0.382055609071274,-0.319886970307883,29,2,26,-1.00381796845263,0
0.209057000583445,-0.812294698535372,30,2,26,-1.73251216528361,0
0.546757185820967,-0.748958719156474,31,2,26,-1.28675384316915,1
0.624798281645421,-1.09817620755112,32,2,26,-2.2118666588849,1
0.390747995381618,-0.344025196272082,33,2,26,-0.168851261942463,1
-0.627318334502252,0.156803399753786,34,2,26,0.481787885429216,1
0.521219032871475,0.00191137496722729,35,2,26,1.01940922393114,1
0.899384778463177,0.0498661217764892,36,2,26,1.58157222495626,1
-0.523409305291441,-0.28698865289038,37,2,26,-0.655505360766876,1
-0.506078420054999,-0.437921816652837,38,2,26,-1.13638382090022,1
-0.18565528044739,0.286702019412313,39,2,26,1.28957928841506,1
-0.374486915514845,0.825650430294276,40,2,26,2.61562568548899,1
0.460911697185534,-0.540425735682461,41,2,26,-0.689836692281514,1
0.0558710628234183,-0.190528814222912,42,2,26,0.00915408318210664,1
0.835525437362932,0.609284373121921,43,2,26,3.0702302881367,1
-0.333723835802813,0.533662483199753,44,2,26,2.0822948112319,1
-0.299493637816998,0.141482310461826,45,2,26,0.596779500778141,1
1.11344322715173,-0.719611287049742,46,2,26,-0.583650968362927,1
-0.5713707076146,-0.0781844827876192,47,2,26,-0.136800437767904,1
-0.158263791065601,-0.812012574264485,48,2,26,-2.00830965020574,1
-0.0219692302067688,0.193392830652786,49,2,26,1.21038799953538,1
-0.0675742568828265,0.146379348838627,50,2,26,1.04669553358524,1
0.210197037605289,0.437019339393412,1,2,27,1.85711401192491,0
0.443571864460987,0.033955524005098,2,2,27,0.814385147848861,0
-0.756569152528262,0.120551881084654,3,2,27,0.110563226404937,0
0.337681725004225,0.615884892725755,4,2,27,2.76890413111533,0
-0.0842657119810329,0.137101125185349,5,2,27,0.792267774223633,0
-0.816223364437954,-0.348578406049791,6,2,27,-1.48244628096369,0
-0.704997749343943,0.0385741355333763,7,2,27,-0.0322687927433577,0
-0.909485300567828,0.604922454717099,8,2,27,1.45190896713051,0
-0.0765723978358761,1.11244013355225,9,2,27,3.8245875543265,0
0.410499878908593,-0.211545098568568,10,2,27,0.534270148286477,0
-0.469781710107198,-0.287468064207138,11,2,27,-0.845593786890329,0
-0.576081875242004,0.0329530090497343,12,2,27,0.130002887431172,0
-0.309440464149539,0.467101092890985,13,2,27,1.69322107214859,0
-0.197505261304213,-0.180222917929926,14,2,27,-0.111364292024169,0
0.325156482767392,0.628339513677742,15,2,27,2.71408275207077,0
0.126599882046118,0.261655611956207,16,2,27,1.41434109739669,0
-0.846012133101549,0.363448783615373,17,2,27,0.744542207297398,0
0.137591310864104,0.121628602217147,18,2,27,0.844322978518737,0
-0.130590629235258,0.230915339588416,19,2,27,1.36066555326578,0
-0.270990581657393,-0.918831418700466,20,2,27,-2.63246971260377,0
-0.275047496142145,1.13924001609013,21,2,27,3.70154105903802,0
0.51075153901371,-0.674820742964174,22,2,27,-1.26123944906005,0
0.400008854556815,-0.453729892075467,23,2,27,-0.586081929304537,0
0.0234600982976899,-0.167576433549549,24,2,27,0.00111631755911939,0
-0.590537075916824,-0.27456209506402,25,2,27,-1.08070250056755,0
-0.439301363839151,-0.719237956676583,26,2,27,-2.10746182925859,0
-0.456345397929703,0.332540971392889,27,2,27,0.899883901848935,0
-0.624915671610296,-0.371676151898308,28,2,27,-1.26436607476177,0
-0.315290860848314,-0.080273966984828,29,2,27,-0.0970711031482749,0
0.731276855529018,-0.275358604484079,30,2,27,0.400817281522217,0
-0.428151477608794,-0.150839798815764,31,2,27,-0.565326350923111,1
0.46252978324335,0.595109895229695,32,2,27,2.87580796430967,1
0.0814802056620346,-0.616495060868169,33,2,27,-1.2470216710354,1
-0.647266533269042,-1.26214389662493,34,2,27,-3.82118766520509,1
-0.716743020939738,-0.0454141198547761,35,2,27,-0.262369483977834,1
0.379704185263607,0.649768538397393,36,2,27,2.83888521216828,1
-1.25036977469153,0.13996726327372,37,2,27,-0.263889746415325,1
-0.0475371986815581,-0.142933718432887,38,2,27,0.271035111144306,1
-0.250433681520592,-0.219261138678763,39,2,27,-0.46963225146091,1
-0.837834227650523,-0.50886823830788,40,2,27,-1.65995822826638,1
-0.740967062932919,0.450005557789302,41,2,27,0.951382143647533,1
0.554563770015225,-0.284402049272191,42,2,27,0.212044426095873,1
0.145687970602037,-0.131699582006114,43,2,27,0.386434063877926,1
-0.692237288832225,-0.710622262819825,44,2,27,-2.4254016295083,1
-0.359879120593228,-0.440740058819486,45,2,27,-1.06368368892969,1
-0.465344648089787,-0.43747783424071,46,2,27,-1.06614659117614,1
0.65565802190894,-0.263333508626459,47,2,27,0.312882914701328,1
0.152363714559256,-0.931827519454959,48,2,27,-2.08387716997467,1
0.168109197821649,0.391613819428232,49,2,27,1.69060634043263,1
-0.155551606970674,-0.458514414801625,50,2,27,-1.01348876536672,1
-0.162160477800486,0.073831463078203,1,2,28,0.387512630650407,0
0.00827402613520508,0.180793709368585,2,2,28,0.928776430240557,0
-0.568479219796258,-0.106926562147645,3,2,28,-0.446079276429098,0
-0.772917573343999,-0.0601641604515215,4,2,28,-0.454284975732611,0
-0.0406538586544015,0.186237036343541,5,2,28,0.883505545164552,0
-0.425908465799378,0.478168911970372,6,2,28,1.50025417176044,0
-0.081351637812706,-0.246100371875454,7,2,28,0.0731903484829333,0
-0.401135642616257,-0.293793808131452,8,2,28,-0.810596535722981,0
0.00856183080812407,0.0127854919260568,9,2,28,0.511640994658745,0
-0.0776132969557851,-0.0292456951089946,10,2,28,0.322912341441134,0
-0.804738930680878,0.0457439644096643,11,2,28,0.018600795722578,0
-0.973800866741468,0.290973733299983,12,2,28,0.60900514701111,0
0.378761246478859,-0.0687662218390788,13,2,28,0.836259558827311,0
0.196951618200986,-0.846000551670028,14,2,28,-1.95771790593957,0
-0.863073587591546,0.293023754876008,15,2,28,0.32453051031995,0
0.32674637043852,-0.0968810283417556,16,2,28,0.555970680205518,0
0.0935510120139179,0.772185325083271,17,2,28,2.88035441136809,0
-0.54083718687175,0.353833164303087,18,2,28,0.900126721424404,0
0.0641973292297378,-1.37163994727074,19,2,28,-3.65135770705464,0
0.489556912426223,-0.207872728277371,20,2,28,0.343890356794394,0
-0.866981190689685,-0.244869092790945,21,2,28,-1.22894883342268,0
0.968044443239312,0.15267321262753,22,2,28,1.86501947813488,0
-0.329011022991656,0.468477598704778,23,2,28,1.48715775423213,0
0.10793471350856,0.075363499252673,24,2,28,0.855194833627817,0
0.806842981655256,-0.296654831012534,25,2,28,0.277065249330097,0
0.535112577905928,0.322452590279645,26,2,28,1.95420332847048,0
-0.268913285956664,0.166990620429301,27,2,28,0.875532869377908,0
-0.034828903362001,-0.268875941428294,28,2,28,-0.459210208556336,0
-0.0615819730622408,0.540210727583762,29,2,28,2.17787251178434,0
0.167625700699661,-0.173959082110921,30,2,28,0.0181195507579118,0
0.553296107752473,-0.651595441059841,31,2,28,-0.949850990035361,1
0.0985435078691966,0.712058242658097,32,2,28,2.7011060314083,1
0.569370877125228,0.792988216449878,33,2,28,3.37315864494008,1
-0.482493527926696,-0.06736682125528,34,2,28,-0.104957501872794,1
0.103683628516738,0.276431329181702,35,2,28,1.5270781002503,1
-0.162365035425269,0.493758747875174,36,2,28,1.80339908102764,1
-0.24611535391693,0.157766998433335,37,2,28,0.77903859368868,1
-1.23976928738118,-0.27763220167165,38,2,28,-1.51840828531498,1
-0.337045317634616,0.597045494130668,39,2,28,2.10794077483647,1
0.314761830926136,1.20192854338633,40,2,28,4.48608268921492,1
0.448753878482674,-0.214287658929567,41,2,28,0.262347929729565,1
-0.213573738798815,0.654166150816871,42,2,28,1.78279259523815,1
0.689132369199905,-1.37788010537933,43,2,28,-2.60225872382189,1
0.0141380707161918,-0.500204068389739,44,2,28,-0.899138764060816,1
0.744045596708036,-0.924193193917125,45,2,28,-1.3945230196613,1
0.98697023247791,-1.02124323129264,46,2,28,-1.27611193460047,1
1.02578932557202,0.150721103650587,47,2,28,1.9858696768435,1
-0.394779748620336,0.849275072166221,48,2,28,2.73737439320396,1
0.563692810609661,-0.0218358986161321,49,2,28,1.12709155771434,1
0.204193026272826,0.804411208347983,50,2,28,3.28900729516706,1
0.67054819089867,-0.0804672305030316,1,2,29,0.82468053869499,0
0.45127086433132,-0.485157832292359,2,2,29,-0.591293063633189,0
0.636096162218242,-0.493588154323894,3,2,29,-0.556774435639448,0
0.176816010083004,0.124507440343776,4,2,29,0.97765434750725,0
-0.0188587515101217,-0.403926195016771,5,2,29,-0.79830436921084,0
0.538700134523036,-0.941400053332179,6,2,29,-1.75810061926186,0
1.05491807626478,-0.499724390717035,7,2,29,0.0828188847707936,0
-0.287212180573249,-0.864616973274106,8,2,29,-2.21336241182547,0
0.413903670169482,0.0011486923435862,9,2,29,1.06371371219999,0
-0.654153930750752,1.10938116742829,10,2,29,3.23871532257774,0
-0.109894054038968,0.15845686060415,11,2,29,0.992374355003685,0
0.0131479634548247,-0.132611752460986,12,2,29,0.120152319041478,0
0.514313742222419,0.361219417931607,13,2,29,2.07282316151551,0
-0.339268106696611,-0.677419708336662,14,2,29,-1.83268974070271,0
0.801835653357821,-0.838961761951871,15,2,29,-1.18255284528415,0
-0.0825402945012017,0.786975732881526,16,2,29,2.46384834961691,0
0.649712734962852,-0.711332672613711,17,2,29,-0.959341166660231,0
-0.767326880611045,-0.548815530359639,18,2,29,-1.93400406553407,0
0.421422135486909,-0.551268250680168,19,2,29,-0.685147880418483,0
0.137771458660612,0.335555522761805,20,2,29,1.45101905730527,0
-0.193709320351233,-0.0329060427185682,21,2,29,-0.0548253457405579,0
0.780677945439623,0.170304228503043,22,2,29,1.78621140490139,0
0.0539261964796366,0.331436089663871,23,2,29,1.49258678444444,0
-0.118646618731169,1.6237201913235,24,2,29,5.26747426698196,0
0.206010526686919,-0.0602853720353816,25,2,29,0.167832234043206,0
0.082454904177844,0.584669009189827,26,2,29,2.37636630121106,0
0.136521369196196,-0.517003743371413,27,2,29,-1.08907409701513,0
-0.0973345576656918,-0.346048436803971,28,2,29,-0.611951097136693,0
-0.381691150997143,0.338461129106988,29,2,29,1.07533497244355,0
1.20149498294986,0.505576982493416,30,2,29,3.3562029305258,0
-0.14526214211996,1.00634989129538,31,2,29,3.19768628245167,1
-0.325591379478608,-0.844322357909381,32,2,29,-2.44891813672721,1
-0.0211608744226372,0.826305179807382,33,2,29,2.74078639401253,1
0.234678865620909,0.778343398141387,34,2,29,2.9584170590574,1
0.421721900580067,0.975406873359951,35,2,29,3.97044148787576,1
0.673813425223083,0.174605934006623,36,2,29,1.74499695130246,1
-0.613596134655146,0.330219700483383,37,2,29,1.10413984716481,1
-0.327571251841205,-0.0920232671778195,38,2,29,-0.16437746137373,1
0.438503820542294,0.355403112767506,39,2,29,1.76355497994654,1
0.3612337964805,-0.0736127746242899,40,2,29,0.683922468787417,1
-0.331492932452221,0.449724936132236,41,2,29,1.86211693287736,1
-0.62815602171441,0.124022793690116,42,2,29,0.0999999901667153,1
-0.434650732628998,0.321784373774534,43,2,29,0.966408849262143,1
0.330655284197544,-0.0260439258136219,44,2,29,0.672682228359221,1
0.712738080748488,-0.177209714627934,45,2,29,0.755925890214455,1
-0.496879386247815,0.428954058938805,46,2,29,1.38101874035368,1
-0.128278243573658,0.26853965396425,47,2,29,1.24205239082008,1
0.695473610909924,0.359389448362529,48,2,29,2.07081297308338,1
0.748847572847794,-0.0484724074314533,49,2,29,1.24305673131752,1
0.0366953223065719,0.248950671537506,50,2,29,1.22876183905352,1
0.606831627029894,-0.169929641123102,1,2,30,0.717108037507004,0
0.577391910415829,0.348872289639255,2,2,30,1.95425029892598,0
-0.572029233788606,-0.643453563049709,3,2,30,-2.03157374899494,0
-0.0462201281094574,0.747839826356411,4,2,30,2.71746937526525,0
1.04569471660707,0.451847670593859,5,2,30,2.94417407143672,0
-0.220049286630559,0.59597935648796,6,2,30,2.17660686628365,0
0.731292909439826,-0.229251294819694,7,2,30,0.66917861781786,0
-0.117127769081317,-0.767182500838522,8,2,30,-1.79778581510708,0
0.349462387806438,-0.435713164302737,9,2,30,-0.282059548228849,0
0.388787260486821,-0.226651228560673,10,2,30,0.324874720394064,0
-0.138705068685437,6.87684148190881e-05,11,2,30,0.429310128250325,0
-0.412946660439443,1.45788370190009,12,2,30,4.49607626157283,0
0.0264200402883692,1.27155130025798,13,2,30,4.3285304880836,0
-0.0828705388825087,-0.0658931069756888,14,2,30,0.0332508098535143,0
-0.273090178127005,0.360880485325949,15,2,30,1.23391158354539,0
0.268159831239683,0.392318105034016,16,2,30,1.98402965001056,0
-0.0886710910603003,0.258616588405954,17,2,30,1.02240224967249,0
0.0121081692495153,-0.0207943906188936,18,2,30,0.506352448633569,0
0.382156760402248,-0.602410071111281,19,2,30,-0.930726707236356,0
0.724568934881262,-0.664732640410268,20,2,30,-0.740097835220235,0
-1.18257307380003,0.191539165340917,21,2,30,-0.0642388674284832,0
0.679511511480302,-0.302810236836413,22,2,30,0.480078809425906,0
-0.258653343590711,0.282108999078666,23,2,30,0.933438382593627,0
0.833000993743582,-0.258041063888687,24,2,30,0.538846486814195,0
-0.67391935904745,0.647449023419322,25,2,30,1.8301497269131,0
-0.692540318358133,-0.64954514771008,26,2,30,-2.20520906459961,0
-0.0944366339815749,-0.437540340088717,27,2,30,-0.930532723525321,0
0.204047074075527,-0.637116891777018,28,2,30,-1.3108866212929,0
-0.715724953787853,0.502640769688837,29,2,30,1.2345501077071,0
0.19683297928768,-0.352545246925269,30,2,30,-0.439120438800189,0
0.734519835937165,0.576074701787677,31,2,30,2.95725403955913,1
0.269776017737097,-0.288859594620947,32,2,30,0.0308617873950722,1
0.221208976330229,0.113616722639483,33,2,30,0.942952451947269,1
-0.850913173442815,0.105535143273578,34,2,30,-0.0785266703732827,1
0.311641290056305,-0.030290226589791,35,2,30,0.761926242439451,1
-0.0854789890011561,-0.0396913307357166,36,2,30,0.268308380766912,1
-0.180013922019429,0.0866740291223263,37,2,30,0.903192532574642,1
-0.515567684030264,0.0682488693392147,38,2,30,0.220860254874322,1
0.562744601874446,0.135832864862294,39,2,30,1.36250071176543,1
-0.39516968044086,0.524326767869489,40,2,30,1.75448900731398,1
-1.21158263727338,-1.12893257396392,41,2,30,-4.12888430955498,1
0.162934584743751,-0.406987302683422,42,2,30,-0.403199386901292,1
0.705251886310391,0.536152196287763,43,2,30,2.94205618944199,1
0.537013594018589,-0.234136560955212,44,2,30,0.531235618976486,1
0.19088675544215,-1.18346077512515,45,2,30,-2.91128104412306,1
0.390796070206985,-0.868673116365609,46,2,30,-1.81207673747127,1
-0.573137768060053,0.162485994665543,47,2,30,0.506558500438733,1
-0.648892497513605,0.781597402254193,48,2,30,2.32697868702818,1
0.268349928279217,-0.254842193736559,49,2,30,0.0747250773627673,1
0.0773142853866032,0.570319783805182,50,2,30,2.30890445667448,1
